{
  "mean": 0.8852907885610424,
  "std": 0.1382017516083007,
  "fold_losses": [
    0.6685435411783415,
    0.8057882763239888,
    0.9343983490579651,
    1.0779415466728233,
    1.0226954546424485,
    1.0061127616416088,
    0.7942709333892835,
    0.8902231077450703,
    0.9392941235386016,
    0.7822475211974843,
    0.9728101033791656,
    0.819311292896251,
    0.7676799908375977,
    0.9398171721946589,
    0.728949080007068,
    0.7782541380015816,
    0.8149366381582929,
    0.8818974320462095,
    0.8385395347241167,
    1.2668987570586676,
    0.841618825343664,
    0.9532304014719387,
    0.8808004889253371,
    0.9080131774526929,
    0.9152241219318754,
    0.8892667649867684,
    0.8027177737866608,
    1.2682191312445652,
    0.7620694935371728,
    0.7920230581808814,
    0.7870611725791542,
    0.8136784583903935,
    0.8836916198336708,
    1.0466888472830105,
    0.957906147332812,
    0.6462960239580268,
    0.9983586917314435,
    0.8824537725355323,
    1.0048259252155565,
    0.7950551736473866,
    0.7188489985768131,
    0.8125219979180501,
    0.9656636625271037,
    0.7777236429818282,
    0.9933480540188541,
    0.7083759841195761,
    0.7525394806326171,
    1.2418474194188471,
    0.7525504490845247,
    0.9813109147141362
  ],
  "accuracy": 0.5625,
  "oof_probs": [
    [
      0.017614220501825636,
      0.20854560810717554,
      0.7738401713909988
    ],
    [
      0.1272005856959507,
      0.3919389791447707,
      0.48086043515927873
    ],
    [
      0.016445988423628717,
      0.03370608162330105,
      0.9498479299530703
    ],
    [
      0.027913967943383803,
      0.2857980729858391,
      0.686287959070777
    ],
    [
      0.7636847323940422,
      0.13374851296708945,
      0.10256675463886834
    ],
    [
      0.1526078325798613,
      0.301934447277027,
      0.5454577201431117
    ],
    [
      0.2764903987377782,
      0.4454596504484361,
      0.27804995081378564
    ],
    [
      0.24348046023768866,
      0.274171067037738,
      0.48234847272457326
    ],
    [
      0.012076963055565628,
      0.34682706072369546,
      0.641095976220739
    ],
    [
      0.12039014752946203,
      0.3504468475359633,
      0.5291630049345747
    ],
    [
      0.3976093042620292,
      0.3066137482958912,
      0.29577694744207955
    ],
    [
      0.15859190155090075,
      0.3537166177862568,
      0.4876914806628425
    ],
    [
      0.0022830225509715514,
      0.20433338391154382,
      0.7933835935374846
    ],
    [
      0.03644865779725274,
      0.32649828810538534,
      0.6370530540973619
    ],
    [
      0.8681722470838581,
      0.05900648014869364,
      0.07282127276744817
    ],
    [
      0.046715995649076955,
      0.2608654473586239,
      0.6924185569922992
    ],
    [
      0.04270265285535494,
      0.33207527746825494,
      0.6252220696763902
    ],
    [
      0.4027918088616977,
      0.2167234318263193,
      0.380484759311983
    ],
    [
      0.025048037566981894,
      0.2553422912760221,
      0.719609671156996
    ],
    [
      0.04233098727018848,
      0.3856285693256958,
      0.5720404434041159
    ],
    [
      0.008217326229306748,
      0.33274754307798193,
      0.6590351306927112
    ],
    [
      0.09098629724312324,
      0.3312560081137021,
      0.5777576946431746
    ],
    [
      0.19464284131170304,
      0.3227849632284215,
      0.48257219545987545
    ],
    [
      0.713170068461511,
      0.12740554626754097,
      0.1594243852709481
    ],
    [
      0.04939080730649691,
      0.03713941125063627,
      0.9134697814428668
    ],
    [
      0.1115965673898572,
      0.37467908834383706,
      0.5137243442663058
    ],
    [
      0.011984131592242013,
      0.2248117007140727,
      0.7632041676936853
    ],
    [
      0.040970999938175344,
      0.3990684647924407,
      0.5599605352693839
    ],
    [
      0.009696241776533759,
      0.32082322581524697,
      0.6694805324082191
    ],
    [
      0.5499754941602447,
      0.1549077287884904,
      0.295116777051265
    ],
    [
      0.054075896394989234,
      0.25144026611026365,
      0.6944838374947471
    ],
    [
      0.10525866372818174,
      0.37708081530104154,
      0.5176605209707767
    ],
    [
      0.061466271827552287,
      0.40498324626394994,
      0.5335504819084977
    ],
    [
      0.02218023164210303,
      0.31763408088567485,
      0.6601856874722221
    ],
    [
      0.08364449974069256,
      0.33818444388521957,
      0.5781710563740878
    ],
    [
      0.36938304599865257,
      0.255320073931415,
      0.3752968800699324
    ],
    [
      0.09139384853640244,
      0.3818448005924791,
      0.5267613508711184
    ],
    [
      0.5162779944074372,
      0.2045133453090027,
      0.2792086602835601
    ],
    [
      0.00858459382827313,
      0.3483889138973125,
      0.6430264922744143
    ],
    [
      0.026844321849963895,
      0.29189933776403776,
      0.6812563403859982
    ],
    [
      0.002824697362922103,
      0.3137226444083678,
      0.68345265822871
    ],
    [
      0.21622487472873494,
      0.44101476451494803,
      0.34276036075631694
    ],
    [
      0.02953748051387417,
      0.3539870612139032,
      0.6164754582722226
    ],
    [
      0.6464431694660165,
      0.16178748857864422,
      0.19176934195533926
    ],
    [
      0.025957128938000864,
      0.3636939962531264,
      0.6103488748088728
    ],
    [
      0.029825849677890676,
      0.3536379630891453,
      0.616536187232964
    ],
    [
      0.02207636371455138,
      0.32945618484618366,
      0.648467451439265
    ],
    [
      0.6449135546714647,
      0.2034924891687512,
      0.15159395615978422
    ],
    [
      0.2822384541598794,
      0.33571667896579943,
      0.38204486687432115
    ],
    [
      0.6123186900588223,
      0.16350709034011862,
      0.22417421960105902
    ],
    [
      0.15863074427752288,
      0.32782178396958483,
      0.5135474717528923
    ],
    [
      0.08698171439200761,
      0.4928343363553666,
      0.42018394925262575
    ],
    [
      0.6502946957662084,
      0.15300346428292358,
      0.19670183995086812
    ],
    [
      0.014441837322265023,
      0.2982311867013165,
      0.6873269759764185
    ],
    [
      0.36714795665930267,
      0.2585658106905558,
      0.37428623265014166
    ],
    [
      0.38745777815135723,
      0.25949393740276216,
      0.3530482844458807
    ],
    [
      0.3726406926545872,
      0.3001913762632344,
      0.3271679310821783
    ],
    [
      0.5965402189488778,
      0.21784881491333952,
      0.1856109661377827
    ],
    [
      0.6458566029566376,
      0.19966392223423612,
      0.15447947480912638
    ],
    [
      0.16128470118939653,
      0.3280491678765777,
      0.5106661309340258
    ],
    [
      0.8408755095341981,
      0.08858006100912712,
      0.0705444294566748
    ],
    [
      0.3403202326239592,
      0.26766479079703365,
      0.39201497657900714
    ],
    [
      0.391281768063262,
      0.41648921069322137,
      0.1922290212435166
    ],
    [
      0.25043129009988174,
      0.26549647367652474,
      0.48407223622359347
    ]
  ],
  "classes": [
    "A",
    "D",
    "H"
  ],
  "delta_vs_baseline": 0.05159078856104238,
  "p_value": 0.011881983396701833,
  "verdict": "RED",
  "best_C": 0.5
}