{
  "mean": 0.8489469877823272,
  "std": 0.14020160215828462,
  "fold_losses": [
    0.6411106174070615,
    0.7527313397397364,
    0.8022739475322989,
    0.9415442439721284,
    1.186402072180096,
    0.9942481142824,
    0.6886534585573773,
    0.9584631003981007,
    0.8361970347486548,
    0.8229106367575144,
    0.8595757837597868,
    0.8217826136373437,
    0.7625433167811906,
    0.9766297627079356,
    0.6828291033472286,
    0.8071712306082657,
    0.7568193460748278,
    0.8709105649471662,
    0.7916722609773532,
    0.9301218800481369,
    0.6848246867723247,
    0.8551682305006453,
    0.9513670650096375,
    0.9021235559398249,
    0.8311134397699217,
    0.8729737916950634,
    0.7966107420269815,
    1.2289504425861986,
    0.728165476040128,
    0.8305045968219105,
    0.6521260243090522,
    0.7286953809428488,
    0.851843611776242,
    1.0560555688915607,
    0.9169736551136203,
    0.6703880307672395,
    1.1027626206202479,
    0.8195853407089987,
    0.9891923303156223,
    0.7441895356321223,
    0.6991341432012644,
    0.8134232138354371,
    0.901053962131519,
    0.7625857658263843,
    0.9699045502563889,
    0.6915097463808519,
    0.6848213114589643,
    1.1937971385907402,
    0.7158626619077736,
    0.9170523408222483
  ],
  "accuracy": 0.609375,
  "oof_probs": [
    [
      0.024665182681319016,
      0.2784080957087518,
      0.6969267216099292
    ],
    [
      0.250168992983379,
      0.2625578571756662,
      0.48727314984095466
    ],
    [
      0.022321698321938418,
      0.0263937100540994,
      0.9512845916239622
    ],
    [
      0.04862674237112577,
      0.22880523985029688,
      0.7225680177785773
    ],
    [
      0.8320882759806804,
      0.07992633643678117,
      0.08798538758253859
    ],
    [
      0.09870935093464703,
      0.38644271998241553,
      0.5148479290829374
    ],
    [
      0.6414866761816932,
      0.15774263170510858,
      0.20077069211319817
    ],
    [
      0.33808880829190274,
      0.24420875767583933,
      0.4177024340322579
    ],
    [
      0.009529587642433165,
      0.2685980898777639,
      0.7218723224798029
    ],
    [
      0.0837424072687,
      0.43712278236001884,
      0.4791348103712813
    ],
    [
      0.4738088199805674,
      0.2735586892786536,
      0.252632490740779
    ],
    [
      0.11934735320629013,
      0.38789826245193837,
      0.49275438434177155
    ],
    [
      0.0035922807846234723,
      0.3061579001948891,
      0.6902498190204874
    ],
    [
      0.06288712235976578,
      0.3634448952219153,
      0.5736679824183188
    ],
    [
      0.9018177801980349,
      0.04763168150300976,
      0.05055053829895523
    ],
    [
      0.022839178042837728,
      0.40659277209253836,
      0.5705680498646238
    ],
    [
      0.04590554260080063,
      0.4013828516375364,
      0.5527116057616631
    ],
    [
      0.5088479528509325,
      0.18805629310397787,
      0.3030957540450896
    ],
    [
      0.01373620494607536,
      0.39305384871717997,
      0.5932099463367446
    ],
    [
      0.03968474250595128,
      0.40764728232033853,
      0.5526679751737101
    ],
    [
      0.011813197492186423,
      0.3536808796625311,
      0.6345059228452825
    ],
    [
      0.12608154330114843,
      0.32963268610800706,
      0.5442857705908446
    ],
    [
      0.16588508504484795,
      0.2933428444117694,
      0.5407720705433826
    ],
    [
      0.8031952344853439,
      0.08535222460194117,
      0.11145254091271484
    ],
    [
      0.04808688913554761,
      0.04749229565297776,
      0.9044208152114747
    ],
    [
      0.1051436560662358,
      0.4073297696059559,
      0.48752657432780827
    ],
    [
      0.017829039276937523,
      0.22772398465008056,
      0.754446976072982
    ],
    [
      0.04668046247332509,
      0.32277605911700674,
      0.6305434784096683
    ],
    [
      0.006271054954084804,
      0.26297894384005827,
      0.7307500012058569
    ],
    [
      0.4603952738356279,
      0.2727956092442672,
      0.2668091169201049
    ],
    [
      0.04158006976428471,
      0.23789466735219075,
      0.7205252628835246
    ],
    [
      0.20192581316114439,
      0.3131756467648468,
      0.48489854007400895
    ],
    [
      0.05849235634590587,
      0.4053069584531228,
      0.5362006852009713
    ],
    [
      0.015016253268264943,
      0.2582277250189976,
      0.7267560217127375
    ],
    [
      0.0922754562826851,
      0.33462705852964997,
      0.5730974851876649
    ],
    [
      0.4127440799107587,
      0.22580728753047502,
      0.3614486325587663
    ],
    [
      0.08744147111143526,
      0.3507354284733549,
      0.5618231004152098
    ],
    [
      0.6418092806003863,
      0.1661586623793147,
      0.19203205702029896
    ],
    [
      0.008111056739893928,
      0.32265945153202474,
      0.6692294917280813
    ],
    [
      0.02672530674644291,
      0.36146299743681765,
      0.6118116958167394
    ],
    [
      0.003030317450310128,
      0.29144131370546816,
      0.7055283688442218
    ],
    [
      0.26338451285104525,
      0.38240137785297396,
      0.3542141092959808
    ],
    [
      0.03151828502116626,
      0.34541347949755297,
      0.6230682354812808
    ],
    [
      0.5751753724677404,
      0.21385549271077317,
      0.21096913482148638
    ],
    [
      0.02287169575183049,
      0.33112268970359093,
      0.6460056145445786
    ],
    [
      0.02672530674644291,
      0.36146299743681765,
      0.6118116958167394
    ],
    [
      0.026797880188451854,
      0.35618568289528313,
      0.6170164369162651
    ],
    [
      0.7082549536541747,
      0.18513867157514427,
      0.10660637477068112
    ],
    [
      0.1763868628354068,
      0.43087951886310155,
      0.39273361830149156
    ],
    [
      0.5178566560879291,
      0.22753753934148602,
      0.25460580457058485
    ],
    [
      0.10779557409691529,
      0.30356252589051774,
      0.588641900012567
    ],
    [
      0.11583167985997797,
      0.4433370103986869,
      0.4408313097413352
    ],
    [
      0.7065375764729164,
      0.13562331562090704,
      0.1578391079061765
    ],
    [
      0.017171564051774956,
      0.2216841897656893,
      0.7611442461825357
    ],
    [
      0.1763868628354068,
      0.43087951886310155,
      0.39273361830149156
    ],
    [
      0.2239224614655041,
      0.29431824886321994,
      0.48175928967127596
    ],
    [
      0.31541452293317324,
      0.26846230902104995,
      0.4161231680457768
    ],
    [
      0.6258052974405371,
      0.24036308047860444,
      0.13383162208085836
    ],
    [
      0.6641555767976017,
      0.17493178893456252,
      0.1609126342678357
    ],
    [
      0.2224608680359138,
      0.2654054442063068,
      0.5121336877577795
    ],
    [
      0.9116842994079687,
      0.03480910256231592,
      0.05350659802971548
    ],
    [
      0.29700680256704215,
      0.26152230515788966,
      0.4414708922750682
    ],
    [
      0.4654662680744813,
      0.2634090177671423,
      0.2711247141583764
    ],
    [
      0.2169067924385664,
      0.2643785629546791,
      0.5187146446067544
    ]
  ],
  "classes": [
    "A",
    "D",
    "H"
  ],
  "delta_vs_baseline": 0.015246987782327248,
  "p_value": 0.45015411683931866,
  "verdict": "RED",
  "best_C": 0.5
}