{
  "mean": 0.8294912533454127,
  "std": 0.11678249480295998,
  "fold_losses": [
    0.7207843556336433,
    0.8759009076658408,
    0.8457410783857385,
    0.7848568402755236,
    0.8902643024389989,
    0.7620326155724142,
    0.6953091454604625,
    0.8610387336872409,
    0.9767530420180328,
    0.8094616615239629,
    0.9098260698029246,
    0.8205611069538007,
    0.8111119122724065,
    0.8218714351082291,
    0.6732228852113112,
    0.7528848500906633,
    0.7520904999802398,
    0.8605968842656055,
    0.7966679169919461,
    0.9665356340649663,
    0.7117886452532403,
    0.9482880314337607,
    0.8834583221899999,
    0.7598050680805428,
    0.8453035303116003,
    0.8917292865753373,
    0.7599132306062041,
    1.1049986924324824,
    0.7198106911183213,
    0.7736110640887887,
    0.6950629315721069,
    0.7473460538965516,
    0.7551574306980715,
    0.9485515438821556,
    1.0842516255035222,
    0.7226396263384767,
    0.8774567753598961,
    0.8192026453208747,
    1.0117897334926196,
    0.6927985455226907,
    0.717456873262392,
    0.8388016206682901,
    0.7112997576642429,
    0.7964832981191539,
    1.0480137325495236,
    0.6330972754050422,
    0.7246569980874746,
    1.1628152021601443,
    0.8975099466934704,
    0.8039526115797178
  ],
  "accuracy": 0.578125,
  "oof_probs": [
    [
      0.031474280226088926,
      0.5259170991449525,
      0.4426086206289585
    ],
    [
      0.18677786194165585,
      0.3483499508492488,
      0.46487218720909534
    ],
    [
      0.11412596124247967,
      0.25114442358961736,
      0.6347296151679029
    ],
    [
      0.07178594218227256,
      0.5212194368266041,
      0.40699462099112343
    ],
    [
      0.8216369997933928,
      0.10275725028579553,
      0.07560574992081179
    ],
    [
      0.13905904555658463,
      0.42107728818085866,
      0.43986366626255674
    ],
    [
      0.3318202427819911,
      0.3438590148203442,
      0.32432074239766473
    ],
    [
      0.5322758841039786,
      0.19558838418335944,
      0.2721357317126619
    ],
    [
      0.011703820040179449,
      0.3037097313026405,
      0.6845864486571801
    ],
    [
      0.09251514304934341,
      0.35539916430971974,
      0.5520856926409369
    ],
    [
      0.22342220061948498,
      0.31696087530478656,
      0.45961692407572846
    ],
    [
      0.08227335609975787,
      0.43763716875297615,
      0.48008947514726613
    ],
    [
      0.004338753751966641,
      0.27020690189045976,
      0.7254543443575736
    ],
    [
      0.04281907810930796,
      0.3353148172231551,
      0.6218661046675369
    ],
    [
      0.6081222712924161,
      0.19446691588226261,
      0.1974108128253212
    ],
    [
      0.04130420358257646,
      0.2928362334260367,
      0.6658595629913867
    ],
    [
      0.0640805142876559,
      0.29760311386225585,
      0.6383163718500883
    ],
    [
      0.5766173836597626,
      0.18757035006165867,
      0.23581226627857876
    ],
    [
      0.031212937428935512,
      0.37698096720727303,
      0.5918060953637914
    ],
    [
      0.02171210481524979,
      0.34460736633389816,
      0.633680528850852
    ],
    [
      0.013552144361919248,
      0.35000329201734076,
      0.6364445636207399
    ],
    [
      0.09125696400581998,
      0.28003980693673236,
      0.6287032290574477
    ],
    [
      0.17314864916177553,
      0.19166773926872788,
      0.6351836115694965
    ],
    [
      0.5692964271605329,
      0.24058809401780137,
      0.1901154788216657
    ],
    [
      0.13144618898100352,
      0.2862498674550564,
      0.5823039435639401
    ],
    [
      0.08014589759573314,
      0.37131274351162064,
      0.5485413588926463
    ],
    [
      0.030855851703641357,
      0.14604075100964806,
      0.8231033972867106
    ],
    [
      0.0478623117125603,
      0.39740247697114567,
      0.554735211316294
    ],
    [
      0.01907284037884263,
      0.3051142633527568,
      0.6758128962684006
    ],
    [
      0.4756036689547055,
      0.20336725951583798,
      0.32102907152945637
    ],
    [
      0.08114527975560504,
      0.31769612202063074,
      0.6011585982237642
    ],
    [
      0.05060198819433906,
      0.35911474807589494,
      0.5902832637297659
    ],
    [
      0.08423131851180024,
      0.3266646400483469,
      0.589104041439853
    ],
    [
      0.03277142237376609,
      0.3303902889352161,
      0.6368382886910178
    ],
    [
      0.06800681221277705,
      0.424928797621175,
      0.5070643901660479
    ],
    [
      0.6206976847215495,
      0.1368401783337909,
      0.24246213694465957
    ],
    [
      0.04007942658373821,
      0.29423250627991815,
      0.6656880671363437
    ],
    [
      0.5924598509863654,
      0.1753739182793975,
      0.23216623073423703
    ],
    [
      0.011852449785029664,
      0.28636643609571827,
      0.7017811141192521
    ],
    [
      0.06712602373192207,
      0.247360567857702,
      0.6855134084103759
    ],
    [
      0.003261393673348509,
      0.24422007925805084,
      0.7525185270686006
    ],
    [
      0.23669298340353265,
      0.30304843202597376,
      0.46025858457049357
    ],
    [
      0.06194709990718465,
      0.3749484347784456,
      0.5631044653143698
    ],
    [
      0.7239489048211524,
      0.14239574037178063,
      0.13365535480706683
    ],
    [
      0.018424126802503608,
      0.39646342508487586,
      0.5851124481126205
    ],
    [
      0.0682251523060998,
      0.2986412523097065,
      0.6331335953841937
    ],
    [
      0.019476344156854706,
      0.3926516972119576,
      0.5878719586311878
    ],
    [
      0.6427406171453176,
      0.1805928614414669,
      0.17666652141321545
    ],
    [
      0.2637837250347714,
      0.331460897934271,
      0.40475537703095754
    ],
    [
      0.6122343750785237,
      0.15661702890054655,
      0.23114859602092977
    ],
    [
      0.21849396203029403,
      0.3350123532012095,
      0.4464936847684965
    ],
    [
      0.06554814218353053,
      0.24870869296886008,
      0.6857431648476093
    ],
    [
      0.5971456516167883,
      0.1373402276319558,
      0.26551412075125586
    ],
    [
      0.027717137563704745,
      0.22159430141312286,
      0.7506885610231725
    ],
    [
      0.1981012275188385,
      0.5059339015544189,
      0.2959648709267427
    ],
    [
      0.2456255351706737,
      0.2369515495259775,
      0.5174229153033488
    ],
    [
      0.4773817806534802,
      0.29925013795047345,
      0.2233680813960464
    ],
    [
      0.67571497232453,
      0.147643857197289,
      0.17664117047818087
    ],
    [
      0.754585947654456,
      0.08450071227322102,
      0.16091334007232297
    ],
    [
      0.09700575068821785,
      0.26636425431155614,
      0.636629995000226
    ],
    [
      0.9077271370919539,
      0.044613521541959085,
      0.04765934136608696
    ],
    [
      0.22078767592747897,
      0.24852946241026974,
      0.5306828616622513
    ],
    [
      0.6998864419073653,
      0.14507858074739347,
      0.15503497734524127
    ],
    [
      0.23762368022619146,
      0.19595764227839949,
      0.566418677495409
    ]
  ],
  "classes": [
    "A",
    "D",
    "H"
  ],
  "delta_vs_baseline": -0.004208746654587259,
  "delta_vs_frontier": 0.0686912533454127,
  "p_value": 0.8018842418014234,
  "verdict": "FLAT",
  "elapsed_sec": 13.995332479476929,
  "best_C": 0.05
}