{
  "mean": 0.8716388837154306,
  "std": 0.12517293185372275,
  "fold_losses": [
    0.8429331820984013,
    0.9432845067505036,
    1.022085891450388,
    0.7531330202417572,
    1.0932114719189234,
    0.8201156399002844,
    0.8516172084009563,
    1.0082688192990408,
    0.9145223944991174,
    0.7156629350068248,
    0.837460550840053,
    0.8012719740775986,
    0.7465920389035612,
    0.9374032828652491,
    0.7654386871265673,
    0.7614703571766378,
    0.8603315423528676,
    0.832216942439453,
    0.9287866966566745,
    1.023697512334113,
    0.6984483493000142,
    0.8350714822364549,
    0.944209766651761,
    0.8833138717090938,
    0.8211057988381301,
    0.997917880973412,
    0.7562975444721961,
    1.2588526227414083,
    0.76186925740705,
    0.7873329926527822,
    0.8387866132000694,
    0.7388267848004341,
    0.8100216413795451,
    1.114119840864309,
    0.8701463137749027,
    0.717652681135372,
    0.8863768987812867,
    0.9261909106974068,
    1.1223069628138747,
    0.8175391561195245,
    0.9262749436924348,
    0.8872161026798336,
    0.7245947434427704,
    0.759241115757686,
    0.9654785382422529,
    0.6763653376385881,
    0.7617775917604432,
    1.111074561202022,
    0.8445326859271481,
    0.8794965405403582
  ],
  "accuracy": 0.609375,
  "oof_probs": [
    [
      0.038448562455757514,
      0.38126513141942603,
      0.5802863061248165
    ],
    [
      0.08413602291114584,
      0.42489160240077406,
      0.49097237468808
    ],
    [
      0.029519621813221392,
      0.11670408671014365,
      0.8537762914766349
    ],
    [
      0.06000346932388746,
      0.3614759845198102,
      0.5785205461563023
    ],
    [
      0.4432585525015053,
      0.37219002355777336,
      0.18455142394072135
    ],
    [
      0.18040611465908699,
      0.21952057521745472,
      0.6000733101234582
    ],
    [
      0.47229441866933614,
      0.23722787900106346,
      0.2904777023296004
    ],
    [
      0.11516770101765336,
      0.42808054926380434,
      0.45675174971854227
    ],
    [
      0.010505743673543181,
      0.38993093963025016,
      0.5995633166962067
    ],
    [
      0.11610171609974451,
      0.3141269353492372,
      0.5697713485510183
    ],
    [
      0.36167135965952696,
      0.2825736392138874,
      0.35575500112658565
    ],
    [
      0.1455810350158139,
      0.23419768313866407,
      0.6202212818455219
    ],
    [
      0.002882383096177799,
      0.30560217873105633,
      0.691515438172766
    ],
    [
      0.06014506236952554,
      0.40084456839144966,
      0.5390103692390247
    ],
    [
      0.7514726113324028,
      0.11612062941765412,
      0.1324067592499431
    ],
    [
      0.019088748903550626,
      0.2897969161978459,
      0.6911143348986035
    ],
    [
      0.04946231310449259,
      0.30776957261355764,
      0.6427681142819498
    ],
    [
      0.1799722188445627,
      0.4904762189461115,
      0.32955156220932585
    ],
    [
      0.018582961551562617,
      0.343608265868145,
      0.6378087725802923
    ],
    [
      0.09059897186317303,
      0.27005640531941705,
      0.6393446228174099
    ],
    [
      0.008847969244374884,
      0.35376121684700984,
      0.6373908139086153
    ],
    [
      0.09596452016028291,
      0.41205768276608734,
      0.4919777970736297
    ],
    [
      0.24256034454995892,
      0.19783164746716775,
      0.5596080079828732
    ],
    [
      0.7087329453098536,
      0.13232679308874984,
      0.15894026160139646
    ],
    [
      0.10753032972384394,
      0.18007610901283225,
      0.7123935612633239
    ],
    [
      0.13338762871735368,
      0.23122490528724665,
      0.6353874659953996
    ],
    [
      0.0439256094331201,
      0.15442310428661196,
      0.8016512862802679
    ],
    [
      0.028711055837152114,
      0.3630309882785814,
      0.6082579558842665
    ],
    [
      0.009106807772340929,
      0.31558756603069543,
      0.6753056261969637
    ],
    [
      0.6041650235308039,
      0.09640170984951063,
      0.2994332666196854
    ],
    [
      0.09775022283649298,
      0.21087207539228423,
      0.6913777017712229
    ],
    [
      0.08345755168028456,
      0.42943084213479293,
      0.4871116061849224
    ],
    [
      0.05725652153575037,
      0.33912000106812135,
      0.6036234773961283
    ],
    [
      0.02046514046102178,
      0.42280484638944726,
      0.5567300131495309
    ],
    [
      0.07278901872089605,
      0.37777274494908347,
      0.5494382363300205
    ],
    [
      0.4775393678959186,
      0.1614520536673257,
      0.3610085784367557
    ],
    [
      0.08122505122256218,
      0.3499635677203607,
      0.5688113810570771
    ],
    [
      0.6116342580089416,
      0.0802019501160332,
      0.30816379187502524
    ],
    [
      0.01010317637304005,
      0.3278652597488532,
      0.6620315638781066
    ],
    [
      0.025570804401341476,
      0.43399147002633837,
      0.5404377255723202
    ],
    [
      0.004221787306087138,
      0.24574963413133177,
      0.750028578562581
    ],
    [
      0.4525957941255441,
      0.13300427654847102,
      0.41439992932598485
    ],
    [
      0.026758497658722232,
      0.3919047616190434,
      0.5813367407222344
    ],
    [
      0.31769807825558927,
      0.3773828863772925,
      0.30491903536711823
    ],
    [
      0.035161265189222295,
      0.20789027615669387,
      0.7569484586540838
    ],
    [
      0.027350337678090562,
      0.40539217883906403,
      0.5672574834828455
    ],
    [
      0.017543521460092876,
      0.370187063079501,
      0.6122694154604061
    ],
    [
      0.6110443020169076,
      0.16074951026577172,
      0.2282061877173206
    ],
    [
      0.4693870527047794,
      0.3131211997656611,
      0.21749174752955952
    ],
    [
      0.5380805208512941,
      0.19637541212353504,
      0.26554406702517075
    ],
    [
      0.3482439908490318,
      0.14803071662721448,
      0.5037252925237536
    ],
    [
      0.21168414973297958,
      0.05967049113501475,
      0.7286453591320058
    ],
    [
      0.7306075659004754,
      0.058170744937164225,
      0.21122168916236056
    ],
    [
      0.008318946478728538,
      0.4309017798710827,
      0.5607792736501888
    ],
    [
      0.23453850285511785,
      0.6726895565866989,
      0.09277194055818316
    ],
    [
      0.3640404309516697,
      0.1144311427722264,
      0.521528426276104
    ],
    [
      0.33781900710396934,
      0.22193295779961544,
      0.4402480350964152
    ],
    [
      0.6206918722340142,
      0.1141664231147763,
      0.26514170465120945
    ],
    [
      0.6178093841946024,
      0.1711221026394694,
      0.2110685131659282
    ],
    [
      0.08686651147453078,
      0.40867323909582315,
      0.5044602494296461
    ],
    [
      0.8520951930821763,
      0.021253375657841588,
      0.12665143125998196
    ],
    [
      0.3270065587574286,
      0.27086229028815684,
      0.4021311509544145
    ],
    [
      0.38245793395765465,
      0.31563699695874464,
      0.3019050690836008
    ],
    [
      0.3478643855467085,
      0.18118910901876897,
      0.47094650543452266
    ]
  ],
  "classes": [
    "A",
    "D",
    "H"
  ],
  "delta_vs_baseline": 0.03793888371543064,
  "delta_vs_frontier": 0.1108388837154306,
  "p_value_ttest": 0.038949647986122986,
  "t_stat": 2.121642291788471,
  "verdict": "RED",
  "elapsed_sec": 8.735761165618896,
  "best_C": 0.3
}