{
  "mean": 1.5627172534208318,
  "std": 0.5340304262244833,
  "fold_losses": [
    1.173502267034817,
    1.8786839082122622,
    1.2533745347165786,
    2.1397887007223746,
    1.3578163049788312,
    1.4318854191799213,
    1.2268304606671487,
    1.9159901944691273,
    1.2536513455211309,
    2.026224295064927,
    1.226722110323758,
    2.0380090288331942,
    2.208001690021459,
    1.3480446020878492,
    0.9511026160169164,
    1.1023306696693076,
    1.1211983879756564,
    2.5773009690587787,
    1.5738698803177487,
    1.4343532672820827,
    1.015719943348792,
    1.5398192129065273,
    1.9031650884779383,
    1.143309829294233,
    2.2714295863589173,
    1.4745599530439386,
    1.7496112891897464,
    2.8570248905127986,
    0.873932668490145,
    0.8055552985490171,
    1.1490032939759205,
    1.9503533308276029,
    1.2125462850639683,
    2.3222138196023248,
    1.1533183762963974,
    1.0841646147833912,
    2.0748070802285,
    0.9718063422243313,
    1.9978903804079866,
    1.7008873807741383,
    0.8720591635951561,
    1.4350687285097559,
    1.442132305845675,
    1.5589036585863751,
    2.589767321973656,
    1.2406360956848403,
    1.6184180243939037,
    2.8656736191703973,
    1.3810241471694655,
    0.6423802896018748
  ],
  "accuracy": 0.609375,
  "classes": [
    "A",
    "D",
    "H"
  ],
  "delta_vs_baseline": 0.7290172534208318,
  "delta_vs_frontier": 0.8019172534208318,
  "p_value": 8.89693021021552e-13,
  "verdict": "RED",
  "elapsed_sec": 8.298950910568237
}