{
  "mean": 0.8147713554429266,
  "std": 0.11653548914770634,
  "fold_losses": [
    0.6740960541402695,
    0.8431249979280621,
    0.856268821909192,
    0.6966440330190712,
    1.0213808020969766,
    0.9334068098326376,
    0.6882265481771607,
    0.9223393726993122,
    0.8146649928020495,
    0.7106646137792021,
    0.7745911102853698,
    0.8056636997106873,
    0.7873378660469553,
    0.9240763880264278,
    0.7817827447094374,
    0.8129142533787945,
    0.6749341395965532,
    0.8458935294558615,
    0.933998682467585,
    0.8009448085271735,
    0.7536986034365925,
    0.7415838774436274,
    0.9000528967863575,
    0.733125313392933,
    0.9488388506184307,
    0.6842332643704991,
    0.7582168853136675,
    1.1356371374043954,
    0.7519816560625079,
    0.7424931123880248,
    0.647814273597101,
    0.7686346935427864,
    0.8632615046807892,
    0.9836573180439177,
    0.8134235829003785,
    0.62251849296004,
    0.7959137623825091,
    0.8658769837698278,
    1.0891911131601297,
    0.6870222314184674,
    0.7085689340135235,
    0.8249720798502492,
    0.7682567395175934,
    0.8210316852292621,
    0.9556379380659729,
    0.7394307479363899,
    0.7309676223764222,
    1.0933121951856062,
    0.7482569233700141,
    0.7580030843395278
  ],
  "best_alpha": 0.9,
  "all_results": {
    "0.0": 0.8833038078119416,
    "0.1": 0.8702220557476018,
    "0.2": 0.8585858927902046,
    "0.3": 0.8482827288711947,
    "0.4": 0.839295810586119,
    "0.5": 0.8316088384057619,
    "0.6": 0.8252380614398198,
    "0.7": 0.8202329777504995,
    "0.8": 0.8166885985231016,
    "0.9": 0.8147713554429266,
    "1.0": 0.8147770693094057
  },
  "delta_vs_baseline": -0.018928644557073437,
  "p_value": 0.13053463442438684,
  "verdict": "FLAT"
}