{
  "mean": 0.8254490996752786,
  "std": 0.12955284743943882,
  "fold_losses": [
    0.6190434946677367,
    0.7046666119209635,
    0.8278098786651275,
    0.9056495139474084,
    1.087089910813854,
    0.8918483478892908,
    0.6905311219646832,
    0.9015597980277246,
    0.8310249768432835,
    0.807812269829796,
    0.8990059667122516,
    0.8112812649206952,
    0.7858297573624848,
    0.9510422448030751,
    0.6646010316668108,
    0.7533957107373388,
    0.7571726012321915,
    0.8464818507216259,
    0.7791923948997055,
    1.00142743089176,
    0.7312927535221831,
    0.8899476189886111,
    0.9080923017675804,
    0.7963241359238705,
    0.7962286572294278,
    0.7122509647938406,
    0.7659979524912303,
    1.1357949567329817,
    0.7031556179507304,
    0.8053907519823449,
    0.6496546410290102,
    0.701123927468479,
    0.83032207774843,
    1.026423764308952,
    0.924205423514083,
    0.6350074545606973,
    0.966454664265091,
    0.8635277374161087,
    0.9359823369233189,
    0.714636992352876,
    0.6827690618900338,
    0.8563540397558846,
    0.8268629915115053,
    0.7456421229543779,
    1.0280929674940749,
    0.6715869932702015,
    0.7003042933541546,
    1.1989888007910716,
    0.7239676439220754,
    0.829605159332898
  ],
  "accuracy": 0.640625,
  "delta_vs_baseline": -0.008250900324721422,
  "p_value": 0.6576962497672314,
  "verdict": "FLAT",
  "best_w019": 0.7
}