{
  "mean": 0.8914250966876035,
  "std": 0.13207492804335688,
  "fold_losses": [
    0.6956008128786989,
    1.0084980210958732,
    0.9712599126169523,
    0.7890622890437208,
    1.003447478855157,
    0.9346263759386813,
    0.711437361731452,
    1.1115015848924046,
    0.9272622790754265,
    0.7646736990188784,
    0.8390136708817634,
    0.872143744540649,
    0.9246656900037288,
    0.9846170912120441,
    0.8344267211019717,
    0.8795176212846845,
    0.7602033645250204,
    0.9621979975963136,
    1.009099884318742,
    0.844633160758182,
    0.7885255803647779,
    0.865984609962985,
    1.0398933050421395,
    0.7918018274387943,
    0.9798478344172511,
    0.7925274119394482,
    0.833830618584495,
    1.2298095959349797,
    0.7918701690331924,
    0.8045293223435479,
    0.7184579242193837,
    0.8298410624838392,
    0.97846955651682,
    1.079829527475492,
    0.8494223575398433,
    0.6290892454797785,
    0.907737076576259,
    0.9737001320464567,
    1.1913636363098856,
    0.746189336179928,
    0.7350370177498741,
    0.9461201178561413,
    0.87924500356445,
    0.9208471092002497,
    0.9852169150583978,
    0.785953467234533,
    0.8300085558105039,
    1.220437669650976,
    0.7922861605270467,
    0.8254939264683582
  ],
  "per_match_loss": [
    0.3738296689067605,
    0.7049746679772085,
    1.6114700594166762,
    0.5159677689117194,
    1.7945823205014924,
    1.538381935108167,
    0.4166470705773442,
    0.8866575439149307,
    0.10248751601556484,
    1.5229296069557108,
    1.5134016766147476,
    0.5687545426062649,
    2.6629091693382456,
    1.7778513936531344,
    1.906028621962099,
    2.047830212842828,
    0.2629779516596092,
    0.5173713859084828,
    0.13744020093756584,
    0.3215978420182894,
    2.148351272454902,
    0.555127269024923,
    0.8866575439149307,
    0.20162633320109416,
    0.8866575439149307,
    1.5549921188193696,
    0.36458724395842695,
    0.329780077118037,
    0.08054537688543098,
    0.3969558743239032,
    0.7049746679772085,
    1.259576775434027,
    0.3215978420182894,
    2.182798585821151,
    0.42349776862331573,
    0.4588826486080986,
    1.5727307964598936,
    0.3602576693474311,
    0.09764030173889779,
    2.0808429911075894,
    0.09303474204464422,
    1.2215960053120936,
    0.19459045260765265,
    0.5051455903222731,
    0.1594253806660045,
    0.19459045260765265,
    2.217677513911978,
    0.29666124207932576,
    0.7354310456807467,
    1.8715587530048363,
    0.6885961439893361,
    0.7560368229523129,
    0.23290149386235334,
    0.13744020093756584,
    1.2465614556048623,
    1.452352444381427,
    1.4029947981630735,
    0.343183270967352,
    0.28261342981569454,
    1.478351265983289,
    0.12568495498013263,
    1.4728595913134868,
    0.48149416607790113,
    1.43589013567539
  ],
  "accuracy": 0.625,
  "classes": [
    "A",
    "D",
    "H"
  ],
  "delta_vs_baseline": 0.057725096687603505,
  "delta_vs_frontier": 0.13062509668760347,
  "p_value_ttest": 0.003590353391534191,
  "t_stat": 3.0594427178531314,
  "verdict": "RED",
  "elapsed_sec": 11.046961307525635
}