{
  "mean": 0.896113021772068,
  "std": 0.11528985017222883,
  "fold_losses": [
    0.7543304922560387,
    0.9293902892868942,
    0.9529581946591221,
    0.8875886535811637,
    1.0167881879473124,
    1.0419437840352759,
    0.7472042354715509,
    1.018137815323467,
    0.9026968068772341,
    0.8099888382591428,
    0.8857419118921066,
    0.8451170065391835,
    0.8920591768765763,
    0.946320720569011,
    0.8310187829669154,
    0.8948050280678337,
    0.7463265680541737,
    0.8989801146887999,
    0.9144686212647616,
    0.9403565882146888,
    0.8350539058047632,
    0.8283138469549834,
    0.93154745093736,
    0.9085343702267912,
    0.9664601144479882,
    0.8168604567974233,
    0.8522557612364294,
    1.3189455802929035,
    0.8054226477287943,
    0.7980603044137573,
    0.7680697959237892,
    0.8355442944914357,
    0.8876116822535622,
    1.070679483218425,
    0.8772136290651041,
    0.7432382843979958,
    0.9486454967465343,
    0.8672985160295386,
    1.1375023909589583,
    0.7856370848196413,
    0.776761962192823,
    0.861916698949159,
    0.9783888666943927,
    0.8595572851007235,
    0.9624693780521797,
    0.8465051087635922,
    0.7987715372773488,
    1.2188272507108233,
    0.7803272133949336,
    0.8830088738899997
  ],
  "accuracy": 0.609375,
  "best_reg": 0.05,
  "delta_vs_baseline": 0.06241302177206798,
  "p_value": 0.00041381327899717163,
  "verdict": "RED"
}