{
  "mean": 0.8026151261808171,
  "std": 0.12000131466695307,
  "fold_losses": [
    0.651806846894227,
    0.8084692594826983,
    0.8180114025303766,
    0.7350413601741964,
    1.0149173903277589,
    0.9715622628003003,
    0.6822757933983558,
    0.8589693522875204,
    0.781644410663321,
    0.7103675277540934,
    0.7747089851968348,
    0.797928026411173,
    0.7803898516981177,
    0.8811510636229495,
    0.7756642443262175,
    0.8038696278970748,
    0.6571544227024279,
    0.8214419415807434,
    0.9141557619184356,
    0.8163500982258105,
    0.7510060445649478,
    0.6913358969872831,
    0.8600279666803358,
    0.7785836152273468,
    0.941657348084476,
    0.5957870672654916,
    0.7673404019034709,
    1.1636879562216413,
    0.7544543168654569,
    0.7246481110553159,
    0.6265510086991998,
    0.7572590116285839,
    0.8124709302820112,
    1.0165054363967665,
    0.7988384125756073,
    0.6296214539613698,
    0.8187129994116369,
    0.7956523014939628,
    1.0810235350119526,
    0.6772625177972168,
    0.6951788816991689,
    0.7891532490549462,
    0.8087287561943999,
    0.7867525188443557,
    0.9428924755571056,
    0.7370851786559741,
    0.6965353241570731,
    1.0727906379454741,
    0.7289392530239229,
    0.7743940719017339
  ],
  "accuracy": null,
  "delta_vs_baseline": -0.0310848738191829,
  "p_value": 0.03795914636281953,
  "verdict": "GREEN",
  "best_gamma": 0,
  "best_sc": 400,
  "best_bonus": 450,
  "dr": 0.3,
  "top10": [
    [
      0,
      400,
      450,
      0.8026151261808171
    ],
    [
      0,
      400,
      400,
      0.8029667146989994
    ],
    [
      0,
      400,
      350,
      0.8035081640216388
    ],
    [
      0,
      400,
      300,
      0.8043346961558921
    ],
    [
      0.25,
      400,
      450,
      0.8046551071326812
    ],
    [
      0.25,
      400,
      400,
      0.8050014677137548
    ],
    [
      0,
      450,
      450,
      0.8050397948544712
    ],
    [
      0.25,
      450,
      450,
      0.8051227075479619
    ],
    [
      0,
      450,
      400,
      0.8055267583751141
    ],
    [
      0.25,
      400,
      350,
      0.8055307929976724
    ]
  ]
}