{
  "mean": 0.8336501749568618,
  "std": 0.13394712357590866,
  "fold_losses": [
    0.6697677516113918,
    0.7798581906726215,
    0.9194906173261891,
    0.8038166877832921,
    1.0346251388257444,
    0.802952358015172,
    0.7784491990364537,
    0.9331144045161083,
    0.8774704807559723,
    0.7859010223137471,
    0.7887261944661679,
    0.8673340426194645,
    0.7614892506201998,
    0.9005915297405103,
    0.7140788710598666,
    0.7196828752116875,
    0.7816076757935474,
    0.8788853878034261,
    0.858263631116438,
    0.8553725400539719,
    0.6881315405847943,
    0.9134976843409799,
    0.8873240930335962,
    0.8296551701954342,
    0.8087140550656122,
    0.9335867456544786,
    0.7252914759842993,
    1.230386243470471,
    0.7211709820809763,
    0.7959449984248903,
    0.6806912308763514,
    0.7054167231592054,
    0.8440724475875052,
    1.0257865751806199,
    0.9020963614135953,
    0.6016646588307311,
    0.9385017636256945,
    0.9196090569197638,
    1.0910471434159204,
    0.7070695019772627,
    0.6997172007215942,
    0.819651193775388,
    0.721553815803216,
    0.7792955427892589,
    1.0469166509826555,
    0.652792635147956,
    0.7280720415858581,
    1.2347500824137059,
    0.7361580428171971,
    0.8024652406421079
  ],
  "accuracy": 0.640625,
  "oof_probs": [
    [
      0.021544201488444305,
      0.39213587283308754,
      0.5863199256784681
    ],
    [
      0.07569393689260392,
      0.3626206323866943,
      0.5616854307207018
    ],
    [
      0.030889441943150322,
      0.16026102533517783,
      0.8088495327216718
    ],
    [
      0.03663892044300111,
      0.39379643731946395,
      0.5695646422375349
    ],
    [
      0.8288700128126971,
      0.08414094504669058,
      0.08698904214061232
    ],
    [
      0.0826101910462773,
      0.33082343575151407,
      0.5865663732022086
    ],
    [
      0.542682160203546,
      0.21718260425057498,
      0.24013523554587907
    ],
    [
      0.13444548601938128,
      0.35269181688996193,
      0.5128626970906568
    ],
    [
      0.004389862134278356,
      0.297860223535247,
      0.6977499143304746
    ],
    [
      0.08047232602109376,
      0.3668872435738347,
      0.5526404304050716
    ],
    [
      0.38387080660299044,
      0.28543589119206536,
      0.33069330220494414
    ],
    [
      0.08586162931202587,
      0.3301897073628194,
      0.5839486633251547
    ],
    [
      0.00036492065742222855,
      0.2751343684793432,
      0.7245007108632346
    ],
    [
      0.03534428218856146,
      0.33504000087045216,
      0.6296157169409863
    ],
    [
      0.8894158748485663,
      0.055768893400222196,
      0.0548152317512114
    ],
    [
      0.012891741695704959,
      0.34223667276305747,
      0.6448715855412376
    ],
    [
      0.022731889398511958,
      0.3425977077501986,
      0.6346704028512895
    ],
    [
      0.43549608074230445,
      0.22081923289174055,
      0.34368468636595506
    ],
    [
      0.006268791031066727,
      0.3255940171898465,
      0.6681371917790868
    ],
    [
      0.028706299021832592,
      0.35816221869606385,
      0.6131314822821036
    ],
    [
      0.002228388530810875,
      0.3111852358324168,
      0.6865863756367723
    ],
    [
      0.08435789279491177,
      0.3342894724189759,
      0.5813526347861123
    ],
    [
      0.16911019250076997,
      0.35201821378690396,
      0.47887159371232607
    ],
    [
      0.7990484062146255,
      0.08342468254172619,
      0.11752691124364836
    ],
    [
      0.10447549404787787,
      0.1674736014998304,
      0.7280509044522918
    ],
    [
      0.07286170083187289,
      0.3623983616303995,
      0.5647399375377276
    ],
    [
      0.016195841130138305,
      0.33201270546594336,
      0.6517914534039183
    ],
    [
      0.011066094224342,
      0.34289944701599745,
      0.6460344587596605
    ],
    [
      0.00347110181747554,
      0.3029796362447364,
      0.6935492619377881
    ],
    [
      0.5506489611448575,
      0.17879150615857559,
      0.2705595326965669
    ],
    [
      0.04860163346147556,
      0.34161352901709363,
      0.6097848375214309
    ],
    [
      0.08029919510177633,
      0.3621999477196321,
      0.5575008571785915
    ],
    [
      0.03190895449142049,
      0.3503490323607205,
      0.617742013147859
    ],
    [
      0.010485146917213459,
      0.3222810151847444,
      0.6672338378980421
    ],
    [
      0.0549183533625454,
      0.33659273910342263,
      0.608488907534032
    ],
    [
      0.4890526872179393,
      0.21046701175226004,
      0.30048030102980067
    ],
    [
      0.07069694695045949,
      0.3329325377353548,
      0.5963705153141857
    ],
    [
      0.5922356463967424,
      0.17145492568164908,
      0.23630942792160847
    ],
    [
      0.0033217758800077038,
      0.31038870903542876,
      0.6862895150845636
    ],
    [
      0.013588350999693195,
      0.32934913815957984,
      0.6570625108407271
    ],
    [
      0.00041538883703845774,
      0.27764685898186725,
      0.7219377521810942
    ],
    [
      0.28826598122001484,
      0.30642850510370484,
      0.40530551367628037
    ],
    [
      0.013588350999693195,
      0.32934913815957984,
      0.6570625108407271
    ],
    [
      0.5448029929489099,
      0.20804314621079437,
      0.24715386084029567
    ],
    [
      0.010803516938541893,
      0.3281251795333905,
      0.6610713035280676
    ],
    [
      0.013588350999693195,
      0.32934913815957984,
      0.6570625108407271
    ],
    [
      0.01118257786660324,
      0.321664935988224,
      0.6671524861451728
    ],
    [
      0.6736065420953005,
      0.16529807442614664,
      0.16109538347855293
    ],
    [
      0.3286133885564124,
      0.48108631548092634,
      0.1903002959626612
    ],
    [
      0.6367831583954096,
      0.16942603262667558,
      0.1937908089779149
    ],
    [
      0.26890493642084023,
      0.28286544921679685,
      0.44822961436236286
    ],
    [
      0.1256807052471772,
      0.36121332751225954,
      0.5131059672405632
    ],
    [
      0.7545581786715507,
      0.10701306925246917,
      0.13842875207598004
    ],
    [
      0.008405549862180372,
      0.325559176411463,
      0.6660352737263566
    ],
    [
      0.3286133885564124,
      0.48108631548092634,
      0.1903002959626612
    ],
    [
      0.2848567247153352,
      0.2818500288905652,
      0.4332932463940996
    ],
    [
      0.3456492559603735,
      0.25239014264819865,
      0.4019606013914279
    ],
    [
      0.6150340827995537,
      0.1913952297983927,
      0.19357068740205344
    ],
    [
      0.6920682098748362,
      0.1568990289568885,
      0.15103276116827527
    ],
    [
      0.1162878144871605,
      0.32337968437179226,
      0.5603325011410473
    ],
    [
      0.9167955860475328,
      0.045048908817148854,
      0.03815550513531845
    ],
    [
      0.32923675895466403,
      0.2671858433326268,
      0.4035773977127091
    ],
    [
      0.5761476211306745,
      0.19504698855228955,
      0.2288053903170359
    ],
    [
      0.21217334141598565,
      0.296277957396563,
      0.4915487011874513
    ]
  ],
  "classes": [
    "A",
    "D",
    "H"
  ],
  "delta_vs_baseline": -4.982504313821856e-05,
  "delta_vs_frontier": 0.07285017495686175,
  "p_value": 0.9979330200790948,
  "verdict": "FLAT",
  "elapsed_sec": 15.841474533081055,
  "best_config": [
    1.0,
    "saga"
  ]
}