{
  "mean": 0.9169626902323693,
  "std": 0.12325569413747268,
  "fold_losses": [
    0.7579513429521432,
    0.9250399004249162,
    1.0375947829697545,
    0.8686542624991351,
    0.9616032402115112,
    0.8652906545402153,
    0.918026320060033,
    1.0086878073435555,
    0.9705570897702338,
    0.8028013664413947,
    0.9519963471839461,
    0.9711663245824861,
    0.7998584117213091,
    0.9481038526780725,
    0.775536774144877,
    0.9981877988991621,
    0.8038402547003284,
    0.8749568200254814,
    0.9309711879323671,
    0.9984055097437298,
    0.7357781145220209,
    0.981039140858906,
    0.900488231158471,
    0.9542451316654551,
    0.9088710189389779,
    1.1292068657164656,
    0.8012091898135446,
    1.2579704348602343,
    0.773426207889937,
    0.7989398616720217,
    0.8247178386985434,
    0.9535929157615761,
    0.8495560094592225,
    1.0187355956777593,
    0.8956982848219305,
    0.6741628479414016,
    0.9945983533914865,
    0.9917868349140148,
    1.1643019272101045,
    1.0232974274847078,
    0.7975146094442223,
    0.8613464250865426,
    0.9155630426220491,
    0.822584720214858,
    1.0104595502929834,
    0.7474161571522188,
    0.7987183534841867,
    1.2737446928083,
    0.9204601607911799,
    0.8994745184404892
  ],
  "accuracy": 0.59375,
  "oof_probs": [
    [
      0.03621882289245086,
      0.493508638747172,
      0.4702725383603771
    ],
    [
      0.07399133078151676,
      0.3032966960131492,
      0.622711973205334
    ],
    [
      0.025146437148678626,
      0.1147609041764772,
      0.8600926586748442
    ],
    [
      0.08318405839963745,
      0.37216736989444665,
      0.544648571705916
    ],
    [
      0.642647494828967,
      0.09566473174483049,
      0.2616877734262025
    ],
    [
      0.1338244835071824,
      0.35205204621110814,
      0.5141234702817095
    ],
    [
      0.4485263640829551,
      0.2568078207663255,
      0.29466581515071943
    ],
    [
      0.15488208408574103,
      0.4229012805317657,
      0.4222166353824933
    ],
    [
      0.011504769317443844,
      0.30870094690386674,
      0.6797942837786894
    ],
    [
      0.17010116683453683,
      0.37946349951474856,
      0.45043533365071464
    ],
    [
      0.3414836163610721,
      0.2535328740263363,
      0.40498350961259166
    ],
    [
      0.3558715311131832,
      0.32224907223197036,
      0.32187939665484644
    ],
    [
      0.002191167683431545,
      0.15816396963120666,
      0.8396448626853618
    ],
    [
      0.07283906577970271,
      0.3100526567143214,
      0.6171082775059759
    ],
    [
      0.7444806475500914,
      0.09840170966943579,
      0.15711764278047283
    ],
    [
      0.04004481850505716,
      0.3652263288757379,
      0.5947288526192049
    ],
    [
      0.034771823582127916,
      0.38531234207736587,
      0.5799158343405061
    ],
    [
      0.2226254351640022,
      0.34274682267313605,
      0.4346277421628618
    ],
    [
      0.027597223919421966,
      0.3822425483068225,
      0.5901602277737555
    ],
    [
      0.06270501185420575,
      0.35895944839201566,
      0.5783355397537786
    ],
    [
      0.007070205002002634,
      0.24923927529046702,
      0.7436905197075304
    ],
    [
      0.08852561184414523,
      0.27841969563045327,
      0.6330546925254015
    ],
    [
      0.23580803190573377,
      0.31642222875525117,
      0.4477697393390151
    ],
    [
      0.6379012601658327,
      0.13021305477835046,
      0.2318856850558169
    ],
    [
      0.1360816731875332,
      0.18417800008116894,
      0.6797403267312978
    ],
    [
      0.19567640095332184,
      0.23125711214723083,
      0.5730664868994474
    ],
    [
      0.05029471207585311,
      0.3283033538622377,
      0.6214019340619091
    ],
    [
      0.026481306110759325,
      0.45323327087030907,
      0.5202854230189317
    ],
    [
      0.011074372514361342,
      0.38442376748479323,
      0.6045018600008454
    ],
    [
      0.47644058884761914,
      0.24473683549300915,
      0.2788225756593718
    ],
    [
      0.14304264010239506,
      0.33083235918986936,
      0.5261250007077356
    ],
    [
      0.07073619019770551,
      0.10567877452144864,
      0.8235850352808458
    ],
    [
      0.04890506969422715,
      0.3618419802922967,
      0.5892529500134762
    ],
    [
      0.026159748705397237,
      0.3537658149424658,
      0.620074436352137
    ],
    [
      0.04655377889609427,
      0.3613867308189568,
      0.5920594902849489
    ],
    [
      0.4434372733359705,
      0.29055515990750325,
      0.2660075667565262
    ],
    [
      0.12986163129433134,
      0.31044778113118066,
      0.5596905875744881
    ],
    [
      0.49751049233581435,
      0.16504220703825467,
      0.337447300625931
    ],
    [
      0.008377888893248366,
      0.28174440842534904,
      0.7098777026814026
    ],
    [
      0.03011950153504523,
      0.3320740978621325,
      0.6378064006028222
    ],
    [
      0.004086457293798463,
      0.29724422097687925,
      0.6986693217293223
    ],
    [
      0.3104007551368605,
      0.2255399958886593,
      0.4640592489744803
    ],
    [
      0.02760217015514785,
      0.3198874017148797,
      0.6525104281299725
    ],
    [
      0.5343878936768477,
      0.19546360841976013,
      0.27014849790339224
    ],
    [
      0.0210014260438346,
      0.343399423051267,
      0.6355991509048984
    ],
    [
      0.022717711002406004,
      0.3712992567728406,
      0.6059830322247535
    ],
    [
      0.012807650639346255,
      0.2725812384382431,
      0.7146111109224107
    ],
    [
      0.593086263981385,
      0.1791298208953136,
      0.22778391512330143
    ],
    [
      0.44163159192743506,
      0.41804213116364586,
      0.14032627690891905
    ],
    [
      0.5827974468602906,
      0.24087210565088726,
      0.17633044748882212
    ],
    [
      0.21276510891254205,
      0.33526207689819115,
      0.45197281418926677
    ],
    [
      0.25460938994930915,
      0.37684063395045814,
      0.3685499761002328
    ],
    [
      0.6158973624092775,
      0.15871026945389916,
      0.2253923681368234
    ],
    [
      0.011765140911810764,
      0.29506458751044917,
      0.69317027157774
    ],
    [
      0.40159412950724255,
      0.4582226396950667,
      0.1401832307976908
    ],
    [
      0.4585527776834331,
      0.2683661177203557,
      0.2730811045962111
    ],
    [
      0.34729233656734915,
      0.28757070975248034,
      0.3651369536801705
    ],
    [
      0.5136045892446932,
      0.23564584239932804,
      0.2507495683559787
    ],
    [
      0.4373607121128993,
      0.3150261891041018,
      0.24761309878299895
    ],
    [
      0.060593002386985464,
      0.22622358579516255,
      0.713183411817852
    ],
    [
      0.7657996476544598,
      0.11163417249890695,
      0.12256617984663316
    ],
    [
      0.3288630392457729,
      0.29991168433054394,
      0.37122527642368314
    ],
    [
      0.5867360397499636,
      0.25867844986110533,
      0.15458551038893104
    ],
    [
      0.21430097358846137,
      0.2865045392206522,
      0.4991944871908863
    ]
  ],
  "classes": [
    "A",
    "D",
    "H"
  ],
  "delta_vs_baseline": 0.08326269023236932,
  "delta_vs_frontier": 0.15616269023236928,
  "p_value_ttest": 1.948253390320016e-05,
  "t_stat": 4.728697004265934,
  "verdict": "RED",
  "elapsed_sec": 10.70669960975647
}