{
  "mean": 0.8031939310619661,
  "std": 0.12307009511477664,
  "fold_losses": [
    0.6498648269093906,
    0.802819058515796,
    0.8129790734765288,
    0.7482814384985483,
    1.0172401372194269,
    0.9885237099369018,
    0.6784397816158698,
    0.8547599312875473,
    0.7756129455196301,
    0.7102321686797683,
    0.7833725870993865,
    0.7936176317510598,
    0.7774858712702106,
    0.8797763695202236,
    0.7785730697920926,
    0.8034029150058597,
    0.6586213339160045,
    0.8175001792924205,
    0.9132208668936166,
    0.82353916470282,
    0.7546482659799347,
    0.6843496202069013,
    0.8522357258317572,
    0.792049973101099,
    0.9421226838567133,
    0.5812747264613523,
    0.7680251966094203,
    1.1825272664858075,
    0.75346555747863,
    0.7232794251149022,
    0.6280463297333824,
    0.7515248545357976,
    0.8073173475578971,
    1.0276587998118762,
    0.7999202917941802,
    0.6295426193973318,
    0.8287928198139591,
    0.7878194966429952,
    1.0838112958216959,
    0.674883150087399,
    0.694915603164254,
    0.7869972258087953,
    0.8229480399007831,
    0.7784691712856547,
    0.942072357563602,
    0.7381028007865568,
    0.6935649868833033,
    1.0763764591247889,
    0.7224867882528969,
    0.7826046131015384
  ],
  "accuracy": null,
  "delta_vs_baseline": -0.03050606893803387,
  "p_value": 0.04450214752524049,
  "verdict": "GREEN",
  "sc": 400,
  "bonus": 800,
  "dr_scale": 1.05
}