{
  "mean": 0.8380806061404112,
  "std": 0.11575247192986238,
  "fold_losses": [
    0.6816742949436106,
    0.8676213396581157,
    0.8396242042840586,
    0.8089901854749979,
    1.0048095072228764,
    0.9826797637595168,
    0.6739112399136876,
    0.9381126206365042,
    0.8284191368427101,
    0.7608290423652709,
    0.8170631474241663,
    0.8269223301552576,
    0.8346394098230245,
    0.8944863268541289,
    0.8150082181690993,
    0.8396736139520412,
    0.7010255730473867,
    0.8749500826044014,
    0.9209334338057114,
    0.8545807715867223,
    0.7806965523514146,
    0.7354619593424674,
    0.9124349762505426,
    0.819742191496325,
    0.9501817142195795,
    0.6475644521473854,
    0.8101894505401449,
    1.1928382974522467,
    0.7644575735850778,
    0.7695747787451316,
    0.6921720739395203,
    0.77915275705773,
    0.8565831447237428,
    1.0436263868985192,
    0.8167164741092532,
    0.6631104266403197,
    0.8951110115586679,
    0.8121040221947387,
    1.0977298857161664,
    0.7121520753280075,
    0.7233417579842212,
    0.8476817732164533,
    0.8769346123870582,
    0.8125479868534361,
    0.9369970589691258,
    0.7872518252646666,
    0.7345530725090854,
    1.1171015830884246,
    0.723965873022496,
    0.8261003169053294
  ],
  "accuracy": null,
  "delta_vs_baseline": 0.004380606140411247,
  "p_value": 0.603905834454419,
  "verdict": "FLAT",
  "best_sc": 350,
  "best_max_dr": 0.35,
  "best_sigma": 400,
  "best_bonus": 350,
  "top5": [
    [
      350,
      0.35,
      400,
      350,
      0.8380806061404112
    ],
    [
      350,
      0.32,
      400,
      350,
      0.8391574505520342
    ],
    [
      350,
      0.35,
      400,
      300,
      0.8396969928344231
    ],
    [
      350,
      0.32,
      400,
      300,
      0.8405165986780914
    ],
    [
      350,
      0.3,
      400,
      350,
      0.8416949676218677
    ]
  ]
}