{
  "mean": 0.8406307132491605,
  "std": 0.1008194284216317,
  "fold_losses": [
    0.7093217127243966,
    0.7431823860498388,
    0.946580603071716,
    0.8386988779262468,
    0.9951826673163487,
    0.8085342111208994,
    0.8785587194689928,
    0.9670476863272065,
    0.8691550215219669,
    0.8418320172108337,
    0.8469073567312381,
    0.8083018876782109,
    0.811956357439869,
    0.9126028830803493,
    0.702754354494506,
    0.7615327330636481,
    0.7354045592825483,
    0.8660187479596954,
    0.8174674147809514,
    0.9505210363737975,
    0.7883644639872075,
    0.9048648711180329,
    0.8174929378262562,
    0.8560151497766371,
    0.8161119101303749,
    0.849880308787553,
    0.7815259164542794,
    1.0949074994392438,
    0.7979461574252539,
    0.7546943576317656,
    0.6983799349398152,
    0.7841801369715353,
    0.8417129683739332,
    0.9154485212151301,
    0.9176820095428284,
    0.6779988849065381,
    0.8425335069066204,
    0.9261650633075167,
    0.9693854835451883,
    0.7400609791101832,
    0.7649369524393159,
    0.7898754292143019,
    0.7863814702234383,
    0.8060121836183834,
    1.0327312183370527,
    0.7448709258607272,
    0.735466124187909,
    1.1802032624173098,
    0.8292030072971595,
    0.7749427938432766
  ],
  "accuracy": 0.625,
  "oof_probs": [
    [
      0.019547831014259144,
      0.45198441924291805,
      0.5284677497428227
    ],
    [
      0.05917626177228207,
      0.3369939204288227,
      0.6038298177988952
    ],
    [
      0.024449095075481073,
      0.19097880932252922,
      0.7845720956019897
    ],
    [
      0.06892771465368616,
      0.2743411636323942,
      0.6567311217139197
    ],
    [
      0.8509633811959448,
      0.06850347307894139,
      0.08053314572511393
    ],
    [
      0.0938470163892863,
      0.2398367447463065,
      0.6663162388644073
    ],
    [
      0.38552737812874716,
      0.273444027250495,
      0.3410285946207579
    ],
    [
      0.18819131185943927,
      0.3132523292976882,
      0.49855635884287236
    ],
    [
      0.011229956886484009,
      0.3993076385831319,
      0.589462404530384
    ],
    [
      0.1333939868101528,
      0.28697948009099367,
      0.5796265330988535
    ],
    [
      0.3885759797011727,
      0.27882553884,
      0.33259848145882726
    ],
    [
      0.17194985735772741,
      0.2669146877084696,
      0.561135454933803
    ],
    [
      0.004620385155397228,
      0.30951186800477104,
      0.6858677468398316
    ],
    [
      0.045325227639412526,
      0.31295267642095714,
      0.6417220959396304
    ],
    [
      0.817900088537823,
      0.08535361099404058,
      0.0967463004681363
    ],
    [
      0.021946598708866314,
      0.3105898113487207,
      0.667463589942413
    ],
    [
      0.040804981760345416,
      0.3108592699100216,
      0.6483357483296329
    ],
    [
      0.3738316393633652,
      0.2518220852133816,
      0.3743462754232531
    ],
    [
      0.03644158576606991,
      0.3672986975824593,
      0.5962597166514707
    ],
    [
      0.05221118175461916,
      0.281741659581828,
      0.6660471586635529
    ],
    [
      0.009508757090292965,
      0.3230122945232607,
      0.6674789483864464
    ],
    [
      0.0846567722834671,
      0.2849071491668433,
      0.6304360785496895
    ],
    [
      0.46108518106364504,
      0.2710098867655096,
      0.26790493217084543
    ],
    [
      0.6094452469550967,
      0.1809065469550363,
      0.20964820608986706
    ],
    [
      0.05233422837065192,
      0.1893886807439732,
      0.758277090885375
    ],
    [
      0.076877464708985,
      0.30098245712393634,
      0.6221400781670786
    ],
    [
      0.017746662002826964,
      0.3599249799918136,
      0.6223283580053595
    ],
    [
      0.016452502699508896,
      0.33591540202696546,
      0.6476320952735256
    ],
    [
      0.013081351251526187,
      0.35903123780917356,
      0.6278874109393003
    ],
    [
      0.5084897708744129,
      0.21346280499271386,
      0.2780474241328732
    ],
    [
      0.11750640529496983,
      0.24225405264970043,
      0.6402395420553297
    ],
    [
      0.0903877849041279,
      0.33115058253603297,
      0.5784616325598392
    ],
    [
      0.048573877631275596,
      0.32058203231253507,
      0.6308440900561894
    ],
    [
      0.019004461329797395,
      0.41292471766846855,
      0.5680708210017341
    ],
    [
      0.03647871458821941,
      0.34169336851063237,
      0.6218279169011482
    ],
    [
      0.5753873946596608,
      0.1874604694219418,
      0.23715213591839743
    ],
    [
      0.1441399543058461,
      0.2734128015909189,
      0.582447244103235
    ],
    [
      0.5388964005926663,
      0.1879908043836248,
      0.27311279502370894
    ],
    [
      0.012700795928519498,
      0.46649154205282856,
      0.5208076620186519
    ],
    [
      0.02575058366296559,
      0.32631276891677985,
      0.6479366474202546
    ],
    [
      0.007333258491644964,
      0.3100685982862647,
      0.6825981432220904
    ],
    [
      0.2586052592859277,
      0.3044265495181347,
      0.43696819119593766
    ],
    [
      0.0327939389398221,
      0.40725248828418176,
      0.5599535727759961
    ],
    [
      0.7582381601457564,
      0.1091672974510686,
      0.13259454240317495
    ],
    [
      0.024071065448637626,
      0.3076828007564953,
      0.6682461337948671
    ],
    [
      0.02395065904565054,
      0.3355986153115934,
      0.6404507256427562
    ],
    [
      0.015546667646643628,
      0.41557581918909753,
      0.5688775131642588
    ],
    [
      0.4387465752445658,
      0.268786173047782,
      0.2924672517076522
    ],
    [
      0.491646376788168,
      0.33343950581476567,
      0.1749141173970662
    ],
    [
      0.7583089211803504,
      0.10954036198796176,
      0.13215071683168783
    ],
    [
      0.20372347554571343,
      0.25344416771926337,
      0.5428323567350233
    ],
    [
      0.12433892157928762,
      0.28645849926214734,
      0.589202579158565
    ],
    [
      0.6370978095482126,
      0.1734796627697456,
      0.18942252768204168
    ],
    [
      0.019873626598919683,
      0.3360697153192633,
      0.6440566580818171
    ],
    [
      0.15818993250297755,
      0.48433967279589063,
      0.35747039470113173
    ],
    [
      0.2900452164035819,
      0.23319731010023867,
      0.47675747349617936
    ],
    [
      0.26867360582442223,
      0.23488973600539648,
      0.4964366581701813
    ],
    [
      0.6716285293518177,
      0.20528591983521535,
      0.12308555081296688
    ],
    [
      0.6768319222187121,
      0.2073444468759304,
      0.11582363090535752
    ],
    [
      0.051880806486075424,
      0.2812489931610927,
      0.666870200352832
    ],
    [
      0.8583762307121767,
      0.11533334339277915,
      0.02629042589504407
    ],
    [
      0.3817134389313865,
      0.220769712623222,
      0.3975168484453915
    ],
    [
      0.7053216339069398,
      0.1243181447453261,
      0.17036022134773407
    ],
    [
      0.2524042990236679,
      0.2341777032078809,
      0.5134179977684512
    ]
  ],
  "classes": [
    "A",
    "D",
    "H"
  ],
  "delta_vs_baseline": 0.006930713249160503,
  "delta_vs_frontier": 0.07983071324916047,
  "p_value_ttest": 0.6325115200918637,
  "t_stat": 0.48120678230024755,
  "verdict": "RED",
  "elapsed_sec": 8.061453104019165
}