{
  "mean": 0.8647171617724324,
  "std": 0.1600965559614628,
  "fold_losses": [
    0.7006042988075263,
    0.8042432504759396,
    0.8439468972374391,
    0.8120522427830466,
    0.9516068898240948,
    0.8206337782433363,
    0.7593496775027122,
    0.8761316478111717,
    1.0588867789427163,
    0.9109107100558012,
    0.9004160368008224,
    0.7920679935093704,
    0.8712415553048003,
    0.81880434661995,
    0.6415619421601846,
    0.8020570343100977,
    0.8100647654518577,
    0.9741755004032554,
    0.7475024302614941,
    1.0300443498971674,
    0.6771059504027506,
    1.0129336403527855,
    0.9751426233937157,
    0.7873092171327974,
    0.9020639030661224,
    0.9960442175232177,
    0.8230519877926841,
    1.2055131476756917,
    0.732597989585991,
    0.7430153650607673,
    0.6659185589559657,
    0.7454637676463404,
    0.7556868139782573,
    1.0718186594230281,
    1.2209005968362012,
    0.7590047664656587,
    1.0014418312908886,
    0.8130438735106971,
    0.9772842353621508,
    0.6856537814927864,
    0.6985271640018706,
    0.8132417396211374,
    0.715660428455952,
    0.8199640065781805,
    1.122512214323361,
    0.5918568977011,
    0.7128875202000482,
    1.394305850847555,
    0.9542107167403653,
    0.9353944968007671
  ],
  "accuracy": 0.5625,
  "oof_probs": [
    [
      0.02385224242827102,
      0.6061282761056306,
      0.3700194814660983
    ],
    [
      0.38353830272360934,
      0.34864269244829976,
      0.26781900482809085
    ],
    [
      0.05982746828900587,
      0.12867989732361457,
      0.8114926343873795
    ],
    [
      0.027137246711725602,
      0.6757726826470937,
      0.29709007064118076
    ],
    [
      0.8992679727547841,
      0.07241310488948167,
      0.028318922355734216
    ],
    [
      0.058082382244456304,
      0.3103181926880184,
      0.6315994250675253
    ],
    [
      0.37405168234513925,
      0.35965537807987374,
      0.26629293957498706
    ],
    [
      0.7425891556519097,
      0.13519965111787763,
      0.12221119323021254
    ],
    [
      0.017053045555180335,
      0.2725957048494978,
      0.7103512495953218
    ],
    [
      0.02319224561010778,
      0.29979052214540564,
      0.6770172322444866
    ],
    [
      0.16773302877499177,
      0.32867812540553093,
      0.5035888458194773
    ],
    [
      0.049265601512301596,
      0.4437146110718638,
      0.5070197874158346
    ],
    [
      0.004530865282621844,
      0.25805697177079545,
      0.7374121629465827
    ],
    [
      0.05307513397160061,
      0.3444788404293619,
      0.6024460255990376
    ],
    [
      0.7882650734743734,
      0.13065600385719683,
      0.08107892266842977
    ],
    [
      0.07633037185956745,
      0.233143998787234,
      0.6905256293531985
    ],
    [
      0.06316098101061626,
      0.2676176817432551,
      0.6692213372461286
    ],
    [
      0.7115952039580095,
      0.15442035634722634,
      0.13398443969476415
    ],
    [
      0.0381797598960648,
      0.4259191416181886,
      0.5359010984857466
    ],
    [
      0.03747064950477095,
      0.33645853417329924,
      0.6260708163219298
    ],
    [
      0.009207517349193258,
      0.35073702155112024,
      0.6400554610996865
    ],
    [
      0.04622128542538243,
      0.2997128296653981,
      0.6540658849092195
    ],
    [
      0.1361236627041239,
      0.18089435084069125,
      0.6829819864551848
    ],
    [
      0.45922111337614185,
      0.31330195151154866,
      0.22747693511230943
    ],
    [
      0.09821591112199259,
      0.21844858562231248,
      0.6833355032556949
    ],
    [
      0.06876553385579175,
      0.3654167742630118,
      0.5658176918811966
    ],
    [
      0.02079688558932086,
      0.08444882484927532,
      0.8947542895614037
    ],
    [
      0.02791173894749699,
      0.39738246296001256,
      0.5747057980924904
    ],
    [
      0.017916737393161897,
      0.2821270468673013,
      0.6999562157395367
    ],
    [
      0.474620876944228,
      0.15276104380976196,
      0.3726180792460099
    ],
    [
      0.040411071506490856,
      0.31163522665423227,
      0.6479537018392769
    ],
    [
      0.03516699634930121,
      0.37637907057684,
      0.5884539330738587
    ],
    [
      0.05318977876505266,
      0.3538195239896329,
      0.5929906972453144
    ],
    [
      0.028129011877454785,
      0.3121956106990662,
      0.659675377423479
    ],
    [
      0.04753629036032169,
      0.48667113003708806,
      0.4657925796025901
    ],
    [
      0.6087340926823158,
      0.1273024851648836,
      0.2639634221528005
    ],
    [
      0.04567731879222411,
      0.39508103732433586,
      0.55924164388344
    ],
    [
      0.5268956889037785,
      0.18412532361854897,
      0.28897898747767253
    ],
    [
      0.017457633271976594,
      0.30235675228191145,
      0.6801856144461119
    ],
    [
      0.0515742717315358,
      0.2410911553625596,
      0.7073345729059045
    ],
    [
      0.0025120243844678155,
      0.2767468594917295,
      0.7207411161238026
    ],
    [
      0.3498663752602421,
      0.2965063437113442,
      0.3536272810284136
    ],
    [
      0.04426758570024649,
      0.4002667194953218,
      0.5554656948044318
    ],
    [
      0.8637026999776385,
      0.09246103455031843,
      0.043836265472043154
    ],
    [
      0.024752031327820966,
      0.4942860159289545,
      0.48096195274322445
    ],
    [
      0.058648154765674865,
      0.281817958874095,
      0.6595338863602302
    ],
    [
      0.030920002772736155,
      0.42063547663030754,
      0.5484445205969564
    ],
    [
      0.7302420062792293,
      0.1348035089722948,
      0.13495448474847596
    ],
    [
      0.11848692788788208,
      0.41258864780798205,
      0.468924424304136
    ],
    [
      0.7364029809365492,
      0.1267077434953578,
      0.1368892755680929
    ],
    [
      0.19618023025155482,
      0.36038728283387794,
      0.4434324869145673
    ],
    [
      0.06267581081008002,
      0.2606275997235891,
      0.6766965894663308
    ],
    [
      0.7444507702040084,
      0.08580164644555986,
      0.16974758335043183
    ],
    [
      0.03507072638643313,
      0.2584139070908454,
      0.7065153665227215
    ],
    [
      0.16613759072658224,
      0.4628881194497212,
      0.3709742898236966
    ],
    [
      0.197273741423697,
      0.20732239764995222,
      0.5954038609263508
    ],
    [
      0.2411694854820689,
      0.3405606976241637,
      0.41826981689376735
    ],
    [
      0.7539854996759175,
      0.1171257906988467,
      0.12888870962523588
    ],
    [
      0.8467997590238145,
      0.04654394244467697,
      0.10665629853150843
    ],
    [
      0.15335524352585142,
      0.22593235719282165,
      0.6207123992813269
    ],
    [
      0.8548654155012336,
      0.07954255024601334,
      0.0655920342527531
    ],
    [
      0.1433530236145177,
      0.24015761015461892,
      0.6164893662308634
    ],
    [
      0.7865980715507815,
      0.13382428649138764,
      0.07957764195783082
    ],
    [
      0.19841412310943848,
      0.12044537145773605,
      0.6811405054328256
    ]
  ],
  "classes": [
    "A",
    "D",
    "H"
  ],
  "delta_vs_baseline": 0.03101716177243241,
  "delta_vs_frontier": 0.10391716177243238,
  "p_value": 0.1812578809655736,
  "verdict": "RED",
  "elapsed_sec": 1.1771957874298096
}