{
  "mean": 0.8055792464844908,
  "std": 0.11611832995381267,
  "fold_losses": [
    0.6660703486520625,
    0.8208812050389611,
    0.8293322049080796,
    0.7117806438466165,
    1.0149173903277589,
    0.9483015464727204,
    0.6868626998339374,
    0.8752512649790659,
    0.7940563562195837,
    0.7154759698465387,
    0.7684471208610995,
    0.8046619223532943,
    0.7851053367065289,
    0.8906990803723738,
    0.7756642443262175,
    0.808585112905486,
    0.6571544227024279,
    0.8338538871370061,
    0.9208896578605568,
    0.8064638223213557,
    0.7510060445649478,
    0.7055993987451187,
    0.8770268186721804,
    0.7553228988997668,
    0.9489524020217739,
    0.6291964105217112,
    0.7673404019034709,
    1.1404272398940614,
    0.7544543168654569,
    0.7296172596938629,
    0.633284904641321,
    0.7668070283780083,
    0.824882875838274,
    0.9978316265047683,
    0.8039468546680526,
    0.6296214539613698,
    0.8050002998334814,
    0.8193850494279287,
    1.0810235350119526,
    0.682370959889662,
    0.7019127776412901,
    0.7987012658043706,
    0.78546803986682,
    0.8037513708362003,
    0.948000917649551,
    0.7370851786559741,
    0.7106702473420794,
    1.0727906379454741,
    0.7403886339744553,
    0.7626412368994736
  ],
  "best_params": {
    "draw_rate": 0.3,
    "scale": 400,
    "host_bonus": 250
  },
  "delta_vs_baseline": -0.028120753515509245,
  "p_value": 0.04819083691377116,
  "verdict": "GREEN",
  "all_top10": [
    [
      0.8055792464844908,
      0.3,
      400,
      250
    ],
    [
      0.8057528962284681,
      0.3,
      375,
      250
    ],
    [
      0.8060617735118301,
      0.32,
      400,
      250
    ],
    [
      0.8062235914272171,
      0.32,
      375,
      250
    ],
    [
      0.8072915501050244,
      0.3,
      350,
      250
    ],
    [
      0.8074199599587731,
      0.3,
      400,
      200
    ],
    [
      0.8074410871646802,
      0.3,
      375,
      200
    ],
    [
      0.8077565793794085,
      0.27,
      400,
      250
    ],
    [
      0.8078341196353567,
      0.27,
      375,
      250
    ],
    [
      0.8080217624616419,
      0.32,
      400,
      200
    ]
  ]
}