{
  "mean": 1.0027577364988096,
  "std": 0.24107959474439034,
  "fold_losses": [
    0.8067811407335264,
    1.100530949008528,
    1.2417636014132134,
    0.8010185052302755,
    1.0556213546855255,
    0.9060009032805514,
    0.8900920192552598,
    1.1896311044874297,
    1.0099252278317585,
    0.9308391819926536,
    1.1170877032549866,
    1.665684147639408,
    0.755687195989301,
    0.9783515885015289,
    0.9387249953185987,
    0.9844239465312398,
    0.7041553368348112,
    1.0431429552244926,
    1.090813042713159,
    1.3740245741378674,
    0.7746774237751536,
    1.0324995909459742,
    1.1289024062001989,
    0.8860714359235062,
    1.256532488907265,
    0.5279466658631843,
    0.7035358577270976,
    1.4317067352346542,
    0.8091067181915433,
    0.9143933834595463,
    1.059003892229208,
    1.1157206250775216,
    0.9351834525406468,
    0.9664963547876542,
    1.1924478943287802,
    0.9128143262450236,
    0.8163957982613581,
    1.032824173497453,
    1.6409481330134743,
    0.8075576992262766,
    0.8145907985065683,
    0.9048533573332451,
    0.8064703508186342,
    0.7985066025521353,
    1.3321797209901247,
    0.7683217504205279,
    0.8121473603463799,
    1.5733770643758271,
    1.0217538819225924,
    0.7766214081748041
  ],
  "accuracy": 0.546875,
  "oof_probs": [
    [
      0.020567155372680973,
      0.42413111787782953,
      0.5553017267494896
    ],
    [
      0.03770693996913871,
      0.5287949055251729,
      0.43349815450568835
    ],
    [
      0.032227178715455954,
      0.6958737740224826,
      0.27189904726206127
    ],
    [
      0.09675575087132217,
      0.534180418182985,
      0.3690638309456928
    ],
    [
      0.9104853717759482,
      0.04952050985274531,
      0.03999411837130653
    ],
    [
      0.7065896718290003,
      0.12412688798820498,
      0.16928344018279473
    ],
    [
      0.7250358103388675,
      0.11562232398298354,
      0.15934186567814887
    ],
    [
      0.047020917450612126,
      0.5773615668582964,
      0.3756175156910913
    ],
    [
      0.013032378892502574,
      0.247435192751644,
      0.7395324283558534
    ],
    [
      0.10280111680664658,
      0.15564675721749713,
      0.7415521259758563
    ],
    [
      0.4330017017710825,
      0.4920634779438995,
      0.074934820285018
    ],
    [
      0.2283746662836706,
      0.44762540827943503,
      0.3239999254368943
    ],
    [
      0.0032829767137424054,
      0.08200983178453927,
      0.9147071915017182
    ],
    [
      0.017189303812563797,
      0.27997599600856826,
      0.702834700178868
    ],
    [
      0.8981456481572574,
      0.0488493629853908,
      0.053004988857351866
    ],
    [
      0.03068812351408337,
      0.22899807662539848,
      0.7403137998605182
    ],
    [
      0.04421328369595291,
      0.4762157943015684,
      0.4795709220024787
    ],
    [
      0.5999406612141099,
      0.057777485490004575,
      0.3422818532958855
    ],
    [
      0.042261082854730826,
      0.32043072221676844,
      0.6373081949285007
    ],
    [
      0.08115978469040344,
      0.34862420812669376,
      0.5702160071829029
    ],
    [
      0.0053645421420420855,
      0.27047162915923023,
      0.7241638286987276
    ],
    [
      0.030571187654140606,
      0.2036260825408845,
      0.765802729804975
    ],
    [
      0.39838743195041076,
      0.2638505000225394,
      0.33776206802704983
    ],
    [
      0.5609408583012591,
      0.12458189243772176,
      0.3144772492610191
    ],
    [
      0.07722780452809225,
      0.31917600474688546,
      0.6035961907250222
    ],
    [
      0.00692927109408737,
      0.13380761737102867,
      0.8592631115348839
    ],
    [
      0.007193380478963799,
      0.49242054541701297,
      0.5003860741040232
    ],
    [
      0.011278619067916633,
      0.24087432718916563,
      0.7478470537429177
    ],
    [
      0.01248317321114899,
      0.41479851483448726,
      0.5727183119543638
    ],
    [
      0.9383987508806537,
      0.031023337239872106,
      0.030577911879474125
    ],
    [
      0.05319466533685131,
      0.3689800786685798,
      0.5778252559945689
    ],
    [
      0.006277142318385567,
      0.1607622704242758,
      0.8329605872573386
    ],
    [
      0.067083783077963,
      0.3025823483477318,
      0.6303338685743052
    ],
    [
      0.007596478769135713,
      0.44119802637227595,
      0.5512054948585884
    ],
    [
      0.012800057134921437,
      0.6594054061419975,
      0.3277945367230811
    ],
    [
      0.8987468507719266,
      0.0628675898172894,
      0.03838555941078396
    ],
    [
      0.012184435353688005,
      0.3927381105998035,
      0.5950774540465085
    ],
    [
      0.7364938362487098,
      0.11529525636193913,
      0.14821090738935108
    ],
    [
      0.03569068936031755,
      0.6632722708781119,
      0.30103703976157065
    ],
    [
      0.020168909088335976,
      0.4380396293805901,
      0.5417914615310739
    ],
    [
      0.0034708487261468943,
      0.21411990510558246,
      0.7824092461682707
    ],
    [
      0.1300948203203831,
      0.1581496077102799,
      0.7117555719693369
    ],
    [
      0.01359555125594779,
      0.1199806589974706,
      0.8664237897465815
    ],
    [
      0.9447021713050634,
      0.01479248056021537,
      0.04050534813472145
    ],
    [
      0.03847380843713352,
      0.6134435472805063,
      0.3480826442823601
    ],
    [
      0.038365406972924225,
      0.38087862003834677,
      0.580755972988729
    ],
    [
      0.00681763162530925,
      0.1662535318774031,
      0.8269288364972877
    ],
    [
      0.8043033328694958,
      0.11141522826454862,
      0.08428143886595547
    ],
    [
      0.4272291849298857,
      0.24137820535590618,
      0.331392609714208
    ],
    [
      0.811366209166182,
      0.09745992322525646,
      0.09117386760856165
    ],
    [
      0.04338781822497208,
      0.6775495176854472,
      0.2790626640895807
    ],
    [
      0.02397183293396034,
      0.3149532643887308,
      0.6610749026773088
    ],
    [
      0.32381024631078464,
      0.23833929302924217,
      0.43785046065997313
    ],
    [
      0.01102162422460342,
      0.39060634865672894,
      0.5983720271186678
    ],
    [
      0.04143766651943673,
      0.6622198455807272,
      0.296342487899836
    ],
    [
      0.07947918754368487,
      0.46208132625976667,
      0.4584394861965485
    ],
    [
      0.35743059765182317,
      0.07938337814339616,
      0.5631860242047807
    ],
    [
      0.9073029722764879,
      0.031273637812298125,
      0.061423389911213926
    ],
    [
      0.8550431560867277,
      0.09500284580275514,
      0.04995399811051723
    ],
    [
      0.017243687333739204,
      0.06412765667202165,
      0.9186286559942393
    ],
    [
      0.902170493694307,
      0.04964939234607838,
      0.0481801139596145
    ],
    [
      0.24739661435759397,
      0.4859427808532471,
      0.26666060478915893
    ],
    [
      0.6654472827683325,
      0.16196156711003934,
      0.1725911501216282
    ],
    [
      0.008638257447648174,
      0.22153637019176373,
      0.7698253723605881
    ]
  ],
  "classes": [
    "A",
    "D",
    "H"
  ],
  "delta_vs_baseline": 0.16905773649880962,
  "delta_vs_frontier": 0.24195773649880958,
  "p_value_ttest": 1.0570599831315108e-05,
  "t_stat": 4.908769474025357,
  "verdict": "RED",
  "elapsed_sec": 12.902926683425903
}