{
  "mean": 0.8147770693094057,
  "std": 0.1260507136971512,
  "fold_losses": [
    0.6638550644570002,
    0.852310056379686,
    0.8565488426373041,
    0.6742666667255831,
    1.0437511428282422,
    0.9496472045314867,
    0.6773157417284437,
    0.9220568316856386,
    0.8127789061988422,
    0.7026982510546681,
    0.773279203569416,
    0.800362633205297,
    0.7885757201142497,
    0.9273000509274868,
    0.7810027504099599,
    0.8282495450064705,
    0.6594227596329584,
    0.84693366285044,
    0.9435423266238115,
    0.7933195069212933,
    0.7622452071541735,
    0.7288455143769076,
    0.9070251510539464,
    0.7215210625704795,
    0.9650401457926475,
    0.6707612859919062,
    0.7532746103974822,
    1.1540525299533173,
    0.7499253937999412,
    0.7392985203899128,
    0.631079889088356,
    0.7644897286441344,
    0.8620260347439115,
    1.0028886971564388,
    0.812455446775536,
    0.6134310754692147,
    0.7864419474636496,
    0.87444114308217,
    1.1086228655472423,
    0.6797983746853137,
    0.7047378885726576,
    0.82289125982684,
    0.757753622090597,
    0.825567990829779,
    0.9744501674479169,
    0.7379499136645772,
    0.7178759035915737,
    1.112699590404163,
    0.7443839579426001,
    0.755661679474623
  ],
  "accuracy": 0.625,
  "delta_vs_baseline": -0.018922930690594253,
  "p_value": 0.2984821815082777,
  "verdict": "FLAT",
  "best_draw_rate": 0.3,
  "best_scale": 350
}