{
  "mean": 0.8719331622519892,
  "std": 0.10836198727820168,
  "fold_losses": [
    0.7192914701913987,
    0.8535782854726366,
    0.9584466703909662,
    0.8339492658422382,
    0.9743896310053014,
    0.8412786273906907,
    0.9345289889071194,
    0.9839678933181012,
    0.951879374084154,
    0.7892575325355219,
    0.9235421444334613,
    0.8698858515632536,
    0.7769623974748652,
    0.9175626098831988,
    0.7374706492433539,
    0.8779630044353526,
    0.7817913055153927,
    0.8563538442239109,
    0.8839722989455597,
    0.9434935052580459,
    0.7350280022278046,
    0.9488199290249959,
    0.8916924169076286,
    0.9164491249960904,
    0.8698895776003647,
    0.9177305816682346,
    0.7862241643677272,
    1.1772354952660122,
    0.803046608701615,
    0.776990144571024,
    0.7415325661227627,
    0.8570533913366565,
    0.8301742273222732,
    0.9560248393258315,
    0.9275520409767645,
    0.6972454102658612,
    0.9363118953615026,
    0.9350881989798989,
    1.0929810870273668,
    0.8488908104669287,
    0.7652149594399028,
    0.8388839786232316,
    0.7823412594940743,
    0.8108358492465697,
    1.0204352300676796,
    0.7012188691918309,
    0.767459665924239,
    1.2120480327979577,
    0.8294503269868555,
    0.8132440781952514
  ],
  "accuracy": 0.65625,
  "oof_probs": [
    [
      0.03331795195486236,
      0.332720350953823,
      0.6339616970913147
    ],
    [
      0.06156409454440574,
      0.2907643337598184,
      0.6476715716957758
    ],
    [
      0.043317526188385726,
      0.16909805001974368,
      0.7875844237918705
    ],
    [
      0.06442203525806073,
      0.2770486210648264,
      0.6585293436771128
    ],
    [
      0.7133529575605084,
      0.09502377328146665,
      0.1916232691580249
    ],
    [
      0.11507101450962262,
      0.3220226565642577,
      0.5629063289261196
    ],
    [
      0.4562060317756245,
      0.24665771809305168,
      0.2971362501313238
    ],
    [
      0.1226991787223057,
      0.31787764030389837,
      0.559423180973796
    ],
    [
      0.025527903400821148,
      0.33993003544206546,
      0.6345420611571133
    ],
    [
      0.12773884251899253,
      0.35032700800267086,
      0.5219341494783367
    ],
    [
      0.3579861395264681,
      0.25967160440881637,
      0.38234225606471545
    ],
    [
      0.14819569835102447,
      0.28990265563884315,
      0.5619016460101324
    ],
    [
      0.010794016840942413,
      0.20114085962740036,
      0.7880651235316573
    ],
    [
      0.06567213444319929,
      0.32092013418812665,
      0.6134077313686741
    ],
    [
      0.7965979815155048,
      0.07611887386185363,
      0.12728314462264154
    ],
    [
      0.04551877275484817,
      0.3751088182429707,
      0.5793724090021811
    ],
    [
      0.04383098123892158,
      0.35811793805144043,
      0.598051080709638
    ],
    [
      0.3671700788209361,
      0.2856625370085248,
      0.3471673841705392
    ],
    [
      0.03538122685911668,
      0.38889335377111306,
      0.5757254193697702
    ],
    [
      0.05770750192455585,
      0.345670913271208,
      0.5966215848042361
    ],
    [
      0.015614304898902245,
      0.2723949525434315,
      0.7119907425576661
    ],
    [
      0.08785755763415466,
      0.26507431269101805,
      0.6470681296748272
    ],
    [
      0.21233747817097084,
      0.3019865300830083,
      0.4856759917460209
    ],
    [
      0.71215810938358,
      0.1621311689969816,
      0.12571072161943836
    ],
    [
      0.13225638446843047,
      0.18616215244157594,
      0.6815814630899936
    ],
    [
      0.11691183840184718,
      0.2957235471287243,
      0.5873646144694286
    ],
    [
      0.05323451375666297,
      0.33318423603161834,
      0.6135812502117187
    ],
    [
      0.028472955195002873,
      0.32223481058311365,
      0.6492922342218835
    ],
    [
      0.029608600422910258,
      0.4008061808292981,
      0.5695852187477916
    ],
    [
      0.5188162643257674,
      0.24845850332683925,
      0.2327252323473933
    ],
    [
      0.12277403185026736,
      0.3326025115530404,
      0.5446234565966922
    ],
    [
      0.07118018891084309,
      0.24449459147921684,
      0.6843252196099401
    ],
    [
      0.05351626069077401,
      0.33732733462014663,
      0.6091564046890794
    ],
    [
      0.037574942271065816,
      0.3616466158494652,
      0.6007784418794689
    ],
    [
      0.05877779762521053,
      0.3055364132540726,
      0.6356857891207168
    ],
    [
      0.5166528674548165,
      0.23172901281310818,
      0.2516181197320752
    ],
    [
      0.09687579035077361,
      0.27418348708109663,
      0.6289407225681298
    ],
    [
      0.5157681742745515,
      0.18053450501331983,
      0.3036973207121287
    ],
    [
      0.0195656867298347,
      0.3237913249653312,
      0.656642988304834
    ],
    [
      0.03680294888703448,
      0.36108471896007527,
      0.6021123321528903
    ],
    [
      0.016276926804218522,
      0.27764446712461754,
      0.7060786060711639
    ],
    [
      0.2732474275701054,
      0.2714986486920804,
      0.45525392373781426
    ],
    [
      0.03470313742663188,
      0.3428266865992534,
      0.6224701759741146
    ],
    [
      0.5339092900504351,
      0.1981973389375892,
      0.26789337101197563
    ],
    [
      0.029217761524559342,
      0.34035887276424304,
      0.6304233657111976
    ],
    [
      0.030813512931571602,
      0.390088271334543,
      0.5790982157338854
    ],
    [
      0.024674852003727724,
      0.28670751414566603,
      0.6886176338506064
    ],
    [
      0.5940445011611489,
      0.21638595251410783,
      0.1895695463247432
    ],
    [
      0.36956827444036267,
      0.409503248282242,
      0.22092847727739526
    ],
    [
      0.6149206788205264,
      0.17707341301906496,
      0.20800590816040865
    ],
    [
      0.18393246781054784,
      0.2938441823007176,
      0.5222233498887345
    ],
    [
      0.176458310825331,
      0.34180754442282707,
      0.48173414475184195
    ],
    [
      0.6432943525810265,
      0.16455128589411466,
      0.19215436152485885
    ],
    [
      0.028952020443454032,
      0.35134305256738135,
      0.6197049269891647
    ],
    [
      0.3205873916633321,
      0.4009670578724666,
      0.2784455504642014
    ],
    [
      0.42510778549573025,
      0.26543609932190043,
      0.3094561151823694
    ],
    [
      0.34683134768918233,
      0.2566793388838704,
      0.39648931342694727
    ],
    [
      0.5498430979552122,
      0.24342102792068845,
      0.20673587412409927
    ],
    [
      0.5631243283944101,
      0.247973843609639,
      0.18890182799595093
    ],
    [
      0.09523979059053055,
      0.19579012307874785,
      0.7089700863307216
    ],
    [
      0.7478537133502132,
      0.15270119734411042,
      0.09944508930567628
    ],
    [
      0.33888517969119764,
      0.2714059999438453,
      0.38970882036495713
    ],
    [
      0.6059216037801202,
      0.2165091045392953,
      0.17756929168058463
    ],
    [
      0.22902532293627836,
      0.24352464307977092,
      0.5274500339839507
    ]
  ],
  "classes": [
    "A",
    "D",
    "H"
  ],
  "delta_vs_baseline": 0.03823316225198925,
  "delta_vs_frontier": 0.11113316225198921,
  "p_value_ttest": 0.01704958001396682,
  "t_stat": 2.4697972276645594,
  "verdict": "RED",
  "elapsed_sec": 2.2264974117279053
}