{
  "mean": 0.8016862204053516,
  "std": 0.12234073126220674,
  "fold_losses": [
    0.6472704112360117,
    0.7999101716996037,
    0.8101243334704864,
    0.7495192650764934,
    1.0167894241188247,
    0.988959707977329,
    0.6782958918897954,
    0.8486592313442394,
    0.774166101684687,
    0.7099279434209143,
    0.7829491073576329,
    0.7937922111779644,
    0.7764459823259231,
    0.8748513793579671,
    0.7771403838205245,
    0.8036163406420427,
    0.6556026441633189,
    0.8142144169508392,
    0.9090449113193577,
    0.8264974482264477,
    0.753588222435674,
    0.6821238160258699,
    0.8496185763913995,
    0.7927103887084818,
    0.9396378668667585,
    0.5800616083815276,
    0.7668354637860002,
    1.1770662726384395,
    0.7533427441506308,
    0.7237673576886546,
    0.625849308314142,
    0.7514731044120856,
    0.8043107188072447,
    1.0273973469120083,
    0.7977326024090323,
    0.6324695863925555,
    0.8285221873452833,
    0.7814139984621438,
    1.0790047556970415,
    0.6759875488365267,
    0.6943226984222484,
    0.7830331368030252,
    0.8224270072554071,
    0.7765952543621768,
    0.9414393491452073,
    0.7399156317883879,
    0.6879221495216068,
    1.0712273087538386,
    0.7214888503444397,
    0.7852488519493401
  ],
  "accuracy": null,
  "delta_vs_baseline": -0.03201377959464835,
  "p_value": 0.03653613395704175,
  "verdict": "GREEN",
  "best_dr": 0.310796007233254,
  "best_sc": 408.8790206990691,
  "best_bonus": 1463.7979512768911,
  "optimizer_fun": 0.8016862204053516,
  "n_evals": 522
}