{
  "mean": 0.857271772714225,
  "std": 0.11728708821437082,
  "fold_losses": [
    0.7258251313037559,
    0.8326178977889167,
    0.9095456535276228,
    0.8193395513153996,
    1.0117738060754868,
    0.8405061819433276,
    0.8145671141144057,
    0.9560300773191683,
    0.8685819976940687,
    0.7968678811356499,
    0.7740665159612677,
    0.9143192678899197,
    0.7926198455591364,
    0.923713742000325,
    0.7761528203016215,
    0.7555871018903813,
    0.7975637207922612,
    0.8921331794280042,
    0.92250165567801,
    0.837529369013935,
    0.7117697089326279,
    0.8712509338917772,
    0.9265701335850507,
    0.8951080273458035,
    0.860589543712096,
    0.9820461146651158,
    0.759891235501126,
    1.226678631368847,
    0.7655844660150746,
    0.8217844881895652,
    0.6844927321735409,
    0.7737259762540352,
    0.8845732884475979,
    1.0697854673936402,
    0.8342243052973545,
    0.646295239355621,
    0.9643739914694803,
    0.9625876387600998,
    1.0902173887058477,
    0.7203341188845093,
    0.7206620929742809,
    0.8569219812595245,
    0.7852660360752937,
    0.8227880639629546,
    1.0157376535247535,
    0.6969770923525064,
    0.7915551090620804,
    1.1293451686745213,
    0.7900482600641634,
    0.8405612370797079
  ],
  "accuracy": 0.609375,
  "oof_probs": [
    [
      0.0574340824277617,
      0.3675920426036038,
      0.5749738749686345
    ],
    [
      0.19518239956884137,
      0.2846885331391693,
      0.5201290672919893
    ],
    [
      0.06308623780031627,
      0.12113983078759641,
      0.8157739314120872
    ],
    [
      0.08392945940034445,
      0.368618436727548,
      0.5474521038721075
    ],
    [
      0.7480727355530059,
      0.11315654924773903,
      0.13877071519925502
    ],
    [
      0.16280707511014966,
      0.2797842858286796,
      0.5574086390611708
    ],
    [
      0.5672911843784026,
      0.18718945093217193,
      0.24551936468942545
    ],
    [
      0.2644859255424001,
      0.27073952397407264,
      0.4647745504835272
    ],
    [
      0.02168441307434262,
      0.2484681141506332,
      0.7298474727750243
    ],
    [
      0.16835622631867087,
      0.29398462111896556,
      0.5376591525623635
    ],
    [
      0.44848940375264623,
      0.23103202191893793,
      0.3204785743284159
    ],
    [
      0.16716279251822708,
      0.2790680642711836,
      0.5537691432105895
    ],
    [
      0.008504222452002674,
      0.24283866757994663,
      0.7486571099680507
    ],
    [
      0.0896763083156162,
      0.2844158150287027,
      0.6259078766556809
    ],
    [
      0.8019891621048529,
      0.09138610890871812,
      0.10662472898642902
    ],
    [
      0.04898717323037255,
      0.28587657282952145,
      0.665136253940106
    ],
    [
      0.06947294516050748,
      0.2830551335310806,
      0.647471921308412
    ],
    [
      0.49261307955696076,
      0.19324148076367179,
      0.31414543967936753
    ],
    [
      0.02958020556994702,
      0.27334851042780967,
      0.6970712840022434
    ],
    [
      0.08487746716639456,
      0.29533631070329613,
      0.6197862221303093
    ],
    [
      0.025620632443293878,
      0.271449120970404,
      0.7029302465863021
    ],
    [
      0.16435298747855998,
      0.280166676137999,
      0.555480336383441
    ],
    [
      0.26556929237870186,
      0.27755859037102903,
      0.4568721172502691
    ],
    [
      0.7673669506162555,
      0.09727385944945595,
      0.13535918993428855
    ],
    [
      0.14735643633818193,
      0.12658656218428513,
      0.7260570014775329
    ],
    [
      0.15337612259692493,
      0.2916897142762936,
      0.5549341631267815
    ],
    [
      0.03946743977030499,
      0.31116623698745627,
      0.6493663232422388
    ],
    [
      0.06640135648098068,
      0.2902852555349571,
      0.6433133879840622
    ],
    [
      0.01649842604216684,
      0.2541368437733517,
      0.7293647301844814
    ],
    [
      0.5783490163441293,
      0.16497178604152568,
      0.256679197614345
    ],
    [
      0.0874389933427345,
      0.32176614494188976,
      0.5907948617153758
    ],
    [
      0.20145085751944936,
      0.2836092683585523,
      0.5149398741219983
    ],
    [
      0.08780086641173972,
      0.28774882942487473,
      0.6244503041633856
    ],
    [
      0.04036847038726276,
      0.26841938829997875,
      0.6912121413127585
    ],
    [
      0.12221778577944772,
      0.2841789197308262,
      0.593603294489726
    ],
    [
      0.5306185439879636,
      0.18623967335520583,
      0.2831417826568306
    ],
    [
      0.14629029156408774,
      0.28228229410641414,
      0.5714274143294981
    ],
    [
      0.6066306031512048,
      0.1605653220044315,
      0.2328040748443638
    ],
    [
      0.01887069723682917,
      0.2607176241450726,
      0.7204116786180982
    ],
    [
      0.04847811799548326,
      0.2737864300416194,
      0.6777354519628973
    ],
    [
      0.009207911133278195,
      0.24495612499368766,
      0.7458359638730341
    ],
    [
      0.39326019551648994,
      0.23667846549387983,
      0.37006133898963023
    ],
    [
      0.04847811799548326,
      0.2737864300416194,
      0.6777354519628973
    ],
    [
      0.557634247873518,
      0.18382382840920003,
      0.25854192371728196
    ],
    [
      0.03831570321725381,
      0.28022246530847866,
      0.6814618314742675
    ],
    [
      0.04847811799548326,
      0.2737864300416194,
      0.6777354519628973
    ],
    [
      0.039130744917656335,
      0.2735071502420639,
      0.6873621048402798
    ],
    [
      0.658820627703935,
      0.15841460396665735,
      0.18276476832940747
    ],
    [
      0.46688508392244477,
      0.372065601605701,
      0.1610493144718543
    ],
    [
      0.6143639545509907,
      0.16376080289783043,
      0.22187524255117883
    ],
    [
      0.4227091255994977,
      0.19526110004530933,
      0.382029774355193
    ],
    [
      0.22425942993355452,
      0.28550114207114424,
      0.4902394279953012
    ],
    [
      0.7292414281080943,
      0.11614126765034265,
      0.154617304241563
    ],
    [
      0.03187215106545014,
      0.2773413700294779,
      0.690786478905072
    ],
    [
      0.46688508392244477,
      0.372065601605701,
      0.1610493144718543
    ],
    [
      0.3702234718636078,
      0.23503613582853622,
      0.3947403923078559
    ],
    [
      0.4224778600086285,
      0.2150869550538721,
      0.3624351849374994
    ],
    [
      0.6161954133832301,
      0.17444234245101525,
      0.20936224416575458
    ],
    [
      0.6724956427887935,
      0.15313778528458466,
      0.17436657192662183
    ],
    [
      0.2053722866013703,
      0.27194193547178486,
      0.5226857779268448
    ],
    [
      0.8652524761542136,
      0.06789030512696073,
      0.06685721871882572
    ],
    [
      0.40724681958604136,
      0.22451596119607642,
      0.3682372192178821
    ],
    [
      0.5767989602881528,
      0.17714169316287925,
      0.24605934654896797
    ],
    [
      0.3064924991655708,
      0.24802891907206065,
      0.4454785817623686
    ]
  ],
  "classes": [
    "A",
    "D",
    "H"
  ],
  "best_aug_weight": 0.05,
  "delta_vs_baseline": 0.02357177271422506,
  "delta_vs_frontier": 0.09647177271422502,
  "p_value_ttest": 0.16579049204910473,
  "t_stat": 1.4068250095696226,
  "verdict": "RED",
  "elapsed_sec": 14.08124852180481
}