{
  "mean": 0.8019756093028502,
  "std": 0.1248305285492752,
  "fold_losses": [
    0.6441447276849389,
    0.8025814926285325,
    0.81259278073337,
    0.740309389304313,
    1.0260428218577202,
    0.9936038796674698,
    0.6724450396572728,
    0.8550793897902749,
    0.7740870631026371,
    0.7058235915023455,
    0.7828627704728858,
    0.7892476688436543,
    0.7747494935508439,
    0.8803374806844241,
    0.7795097133903458,
    0.8091707315228803,
    0.6543791362584002,
    0.8123569904887054,
    0.9117643671956539,
    0.8223297504836949,
    0.7581233943790611,
    0.681727602139327,
    0.8513174706137732,
    0.7848754005576366,
    0.9432593880741901,
    0.5813385195877083,
    0.7621444419032722,
    1.1824010141746095,
    0.7506222751939657,
    0.7260918063069527,
    0.6249763197184193,
    0.7466030513558043,
    0.8087819081489181,
    1.0282122881333167,
    0.7996855467686413,
    0.6296450302139275,
    0.8220034693551533,
    0.7871561484504023,
    1.0853323622801276,
    0.6744918169135595,
    0.6947031534597422,
    0.7854088858832513,
    0.8161461333390743,
    0.7758998058646291,
    0.9474691013125494,
    0.7419820584403929,
    0.6841405917607244,
    1.0806613215475729,
    0.7175487387793255,
    0.7826131416661211
  ],
  "accuracy": null,
  "delta_vs_baseline": -0.03172439069714983,
  "p_value": 0.040723458774847995,
  "verdict": "GREEN",
  "best_dr": 0.32,
  "best_sc": 400,
  "best_bonus": 750,
  "top10": [
    [
      0.32,
      400,
      750,
      0.8019756093028502
    ],
    [
      0.32,
      400,
      725,
      0.801995715381579
    ],
    [
      0.3,
      400,
      750,
      0.8020099219596695
    ],
    [
      0.32,
      400,
      700,
      0.80201956155999
    ],
    [
      0.3,
      400,
      725,
      0.8020228594308811
    ],
    [
      0.3,
      400,
      700,
      0.8020385220596014
    ],
    [
      0.32,
      400,
      675,
      0.8020479216393782
    ],
    [
      0.3,
      400,
      675,
      0.802057555253328
    ],
    [
      0.3,
      400,
      650,
      0.802080770173257
    ],
    [
      0.32,
      400,
      650,
      0.8020817468783039
    ]
  ]
}