{
  "mean": 0.8910377526833976,
  "std": 0.0932658804943369,
  "fold_losses": [
    0.7451106625004205,
    0.975921721985222,
    0.9789245254040518,
    0.8334142923645083,
    0.926608568242543,
    0.8870234525080668,
    0.7797331171567552,
    1.0446860952471222,
    0.9533953027977973,
    0.7841862389990425,
    0.8574291591754528,
    0.8887492060793173,
    0.9384748328582322,
    0.9362006616836257,
    0.8318356892382491,
    0.8668356028389661,
    0.777545963167351,
    0.9552266491554481,
    0.9725379577210922,
    0.8846023500615,
    0.8069907361766296,
    0.8868184294241239,
    0.9859205461365985,
    0.8426891742953746,
    0.9384735774824748,
    0.8018705582480895,
    0.8712327782065702,
    1.1401571845726077,
    0.827858603495849,
    0.8098816524512196,
    0.7802865927402176,
    0.8604072119164416,
    0.922531952318788,
    1.0096973044298387,
    0.883760720828869,
    0.6790538298438537,
    0.9251612745764414,
    0.9324885288341831,
    1.1137564308697667,
    0.7997623012166638,
    0.7767255282029765,
    0.9214839392456947,
    0.8989866109873361,
    0.9262811982399786,
    0.9373269876189448,
    0.8020106350230802,
    0.8634214205182206,
    1.099350094774186,
    0.8422431063925513,
    0.8468166759175544
  ],
  "accuracy": null,
  "delta_vs_baseline": 0.05733775268339758,
  "p_value": 0.9999599110903047,
  "verdict": "RED",
  "n_train": 3750,
  "wc_years": "2010-2022"
}