{
  "mean": 0.8118007589424266,
  "std": 0.11804827560231668,
  "fold_losses": [
    0.6667165445222741,
    0.8396825300033028,
    0.854579263305253,
    0.6977744710086634,
    1.019273011633454,
    0.93179096920541,
    0.6840386824503519,
    0.9246814325611609,
    0.811128923814329,
    0.7037982279869773,
    0.7716941570251781,
    0.8008109633251249,
    0.7839524364687132,
    0.9250210389120197,
    0.778933976259058,
    0.809145112089365,
    0.6737483506232089,
    0.8414599739880871,
    0.9310472252342067,
    0.7971298137254111,
    0.750738709791974,
    0.7410335114116035,
    0.8950998517440127,
    0.7304686740684164,
    0.9424334328566535,
    0.6807744137103531,
    0.7534190893469249,
    1.1401782379592904,
    0.7468752309050266,
    0.7372327814617651,
    0.6466952418719732,
    0.7624981883502003,
    0.862859605935233,
    0.98246219504741,
    0.8099484474246234,
    0.6146356320886408,
    0.7926257729215462,
    0.8634565528061883,
    1.090285868865646,
    0.6830572964515816,
    0.7035543635198238,
    0.8226755938101115,
    0.767642302806675,
    0.814081872997947,
    0.9531274258220921,
    0.7357928838004913,
    0.7280931392133022,
    1.0969088798236843,
    0.7428460914362284,
    0.7521295547303644
  ],
  "best_params": {
    "T": 0.7,
    "alpha_elo": 0.9
  },
  "all_results_top10": [
    [
      "T0.7_a0.9",
      0.8118007589424266
    ],
    [
      "T0.7_a0.7",
      0.8118288166852321
    ],
    [
      "T0.8_a0.9",
      0.812891150608576
    ],
    [
      "T0.9_a0.9",
      0.8138771635650492
    ],
    [
      "T1.0_a0.9",
      0.8147718624424847
    ],
    [
      "T0.8_a0.7",
      0.8147748902018211
    ],
    [
      "T0.7_a1.0",
      0.8147770693094057
    ],
    [
      "T0.8_a1.0",
      0.8147770693094057
    ],
    [
      "T0.9_a1.0",
      0.8147770693094057
    ],
    [
      "T1.0_a1.0",
      0.8147770693094057
    ]
  ],
  "delta_vs_baseline": -0.02189924105757335,
  "p_value": 0.10008387428996128,
  "verdict": "FLAT"
}