{
  "mean": 0.8515733500838452,
  "std": 0.11503974636622656,
  "fold_losses": [
    0.6677929434982116,
    0.8351916117390072,
    0.8331115760137374,
    0.9357085823431104,
    0.9789886291394067,
    1.012274793648169,
    0.8111723789886182,
    0.977530114872881,
    0.8368965084950047,
    0.7421601550986288,
    0.857202951362032,
    0.8825123094940329,
    0.7408530521385164,
    0.9097424830389292,
    0.6904381574934053,
    0.7771703957955753,
    0.7655518599552972,
    0.8187209523583957,
    0.991396995803579,
    0.8947809189893912,
    0.7308258595608947,
    0.8315634091508926,
    0.8417786102270924,
    0.9044430969808841,
    1.0266773712368475,
    0.8603566978128934,
    0.727689408746516,
    1.1992586847427773,
    0.769265157001024,
    0.890825523648787,
    0.6916570285103346,
    0.7408987905663662,
    0.7993589357410448,
    1.0354941633621455,
    0.8153332817001444,
    0.6946942600538718,
    0.9288030786413669,
    0.9136589021519133,
    1.020934308373443,
    0.7583200518950757,
    0.7289746039389489,
    0.9239207135272056,
    0.8656407253078823,
    0.7423182885662384,
    0.9005420000392728,
    0.7147693500629677,
    0.7405637762375691,
    1.0952228737585132,
    0.9095397304125907,
    0.8161414519708269
  ],
  "accuracy": 0.65625,
  "oof_probs": [
    [
      0.007619307022135562,
      0.13661571810723933,
      0.8557649748706252
    ],
    [
      0.09065487984713384,
      0.35580037816658805,
      0.5535447419862781
    ],
    [
      0.025167950793981705,
      0.05646616417324259,
      0.9183658850327756
    ],
    [
      0.09288071726452897,
      0.34630430310561017,
      0.5608149796298609
    ],
    [
      0.7772550578559493,
      0.11884585036914266,
      0.10389909177490801
    ],
    [
      0.03710777894826717,
      0.21666489263721855,
      0.7462273284145143
    ],
    [
      0.5181480310307224,
      0.24300801830510993,
      0.23884395066416758
    ],
    [
      0.16090061502251096,
      0.35071222367914906,
      0.48838716129833987
    ],
    [
      0.009176585259637583,
      0.31941152110533383,
      0.6714118936350286
    ],
    [
      0.12733498877037636,
      0.36515054647848205,
      0.5075144647511416
    ],
    [
      0.40004638027751616,
      0.2922972358246141,
      0.30765638389786976
    ],
    [
      0.09938778258057067,
      0.31942701054810096,
      0.5811852068713284
    ],
    [
      0.0036265263523010396,
      0.2918893027964958,
      0.7044841708512031
    ],
    [
      0.051016470374769494,
      0.30212034513852315,
      0.6468631844867073
    ],
    [
      0.7949532611554648,
      0.10917891320023915,
      0.09586782564429597
    ],
    [
      0.052438739269762245,
      0.3925050261689402,
      0.5550562345612976
    ],
    [
      0.03541085197119509,
      0.36005773229127097,
      0.604531415737534
    ],
    [
      0.40480627836851196,
      0.2502301095665646,
      0.3449636120649234
    ],
    [
      0.019552121518406892,
      0.33430047187159506,
      0.646147406609998
    ],
    [
      0.06268841438522753,
      0.36570185768367386,
      0.5716097279310985
    ],
    [
      0.015937631103905375,
      0.3374062792514405,
      0.646656089644654
    ],
    [
      0.08976717762151745,
      0.2934859346860515,
      0.616746887692431
    ],
    [
      0.18803258624919383,
      0.3619268916730746,
      0.4500405220777315
    ],
    [
      0.6928142612854785,
      0.134597082795564,
      0.1725886559189576
    ],
    [
      0.04534016850937172,
      0.05502789769829139,
      0.899631933792337
    ],
    [
      0.16254439932048098,
      0.3586017319337074,
      0.47885386874581165
    ],
    [
      0.030677725098294494,
      0.2644082734827585,
      0.704914001418947
    ],
    [
      0.03196285146882514,
      0.3475717152622478,
      0.620465433268927
    ],
    [
      0.007368282123794283,
      0.2500592615536641,
      0.7425724563225417
    ],
    [
      0.36734223338255756,
      0.21981116388414515,
      0.41284660273329726
    ],
    [
      0.08511421761599422,
      0.29527896134339315,
      0.6196068210406127
    ],
    [
      0.24257014735749796,
      0.3437905594887155,
      0.4136392931537865
    ],
    [
      0.028399630645687426,
      0.3621603275696619,
      0.6094400417846507
    ],
    [
      0.039030467527953965,
      0.3510088429323251,
      0.6099606895397209
    ],
    [
      0.12052546979917497,
      0.3698252897762157,
      0.5096492404246092
    ],
    [
      0.4237644741138011,
      0.23430088380030303,
      0.3419346420858959
    ],
    [
      0.04211644971608061,
      0.24117287061537024,
      0.7167106796685492
    ],
    [
      0.48584329708926166,
      0.2079987678873732,
      0.3061579350233652
    ],
    [
      0.015274220608861576,
      0.3419122482737066,
      0.6428135311174319
    ],
    [
      0.024978699868843473,
      0.34950274855554736,
      0.6255185515756091
    ],
    [
      0.004141284969137779,
      0.29633165987628485,
      0.6995270551545775
    ],
    [
      0.31764167433239504,
      0.3097373452786175,
      0.37262098038898744
    ],
    [
      0.029848583085516075,
      0.3516822884032227,
      0.6184691285112613
    ],
    [
      0.5174684720746665,
      0.23448244519242778,
      0.24804908273290577
    ],
    [
      0.03044236837494965,
      0.36934276360395996,
      0.6002148680210904
    ],
    [
      0.04006850345332952,
      0.3544921184610634,
      0.6054393780856072
    ],
    [
      0.024601636859754656,
      0.3076694041704988,
      0.6677289589697465
    ],
    [
      0.5825302000461193,
      0.21812596219406014,
      0.1993438377598205
    ],
    [
      0.43493024205945485,
      0.2990893295438532,
      0.265980428396692
    ],
    [
      0.625950103036496,
      0.18922666081082085,
      0.18482323615268315
    ],
    [
      0.10992566160662139,
      0.2854910243560156,
      0.604583314037363
    ],
    [
      0.18581140814982952,
      0.36018506467241995,
      0.4540035271777506
    ],
    [
      0.7436398244756626,
      0.13366041513717314,
      0.12269976038716428
    ],
    [
      0.03554687453305733,
      0.4188728855687195,
      0.5455802398982232
    ],
    [
      0.30282313289137675,
      0.31954032406755556,
      0.3776365430410677
    ],
    [
      0.2697897486794017,
      0.28040941792699553,
      0.44980083339360266
    ],
    [
      0.6546324936854048,
      0.22468942839804307,
      0.12067807791655213
    ],
    [
      0.4718936819558158,
      0.26824804202055014,
      0.25985827602363387
    ],
    [
      0.5942185769123233,
      0.21299778321182938,
      0.19278363987584732
    ],
    [
      0.2679661329317268,
      0.37895575122554537,
      0.35307811584272786
    ],
    [
      0.8355222099060372,
      0.09210119536419956,
      0.07237659472976325
    ],
    [
      0.2839227627848965,
      0.2679403704475497,
      0.4481368667675539
    ],
    [
      0.5056865664003698,
      0.2380210160150844,
      0.25629241758454596
    ],
    [
      0.3656502858789042,
      0.3258157166995835,
      0.30853399742151233
    ]
  ],
  "classes": [
    "A",
    "D",
    "H"
  ],
  "delta_vs_baseline": 0.017873350083845163,
  "p_value": 0.2821070163560882,
  "verdict": "RED",
  "best_C": 0.3
}