{
  "mean": 0.8958536179138042,
  "std": 0.1019308941586264,
  "fold_losses": [
    0.7301702558088556,
    0.9469899153687421,
    0.9680768244403883,
    0.885904920854846,
    0.955554220153258,
    0.8950624784906668,
    0.7195032364123097,
    1.0903801285214736,
    0.9454966118983459,
    0.826311969732464,
    0.8046163178711829,
    0.8365347104032265,
    0.9765752720534474,
    0.9851925549867815,
    0.877795869741301,
    0.9164513927358571,
    0.7506045606374931,
    0.899800344599887,
    0.9689365850661142,
    0.9505156730395287,
    0.8374098942727338,
    0.8530111454622264,
    0.9315654568936057,
    0.9006963227561399,
    0.964718241998728,
    0.7827336083065966,
    0.9123044579157145,
    1.1391964142908886,
    0.8689697564889758,
    0.769153372913136,
    0.7818792646901928,
    0.9105781296932786,
    0.9613739196001811,
    1.0267876338859663,
    0.7936207694734058,
    0.7221344540789858,
    0.9127347523752072,
    0.9550547168612888,
    1.1328065071679987,
    0.7479999966417225,
    0.7807096165861006,
    0.9257490806614838,
    1.002619038055654,
    0.8513773545423636,
    0.923798282332757,
    0.8851788136466581,
    0.8472985683944401,
    1.106721580815581,
    0.8535982139848234,
    0.780427688087198
  ],
  "per_match_loss": [
    0.22391020585097166,
    0.7158126836834804,
    1.5917034396708312,
    0.7933159314899977,
    1.5673529498378884,
    1.3369829428260513,
    0.8832550427892871,
    0.9645496744374049,
    0.17755204418270426,
    1.3250903397253715,
    1.4239218495776247,
    0.9296374972864717,
    2.2886112390885307,
    1.5688865826767775,
    1.450874740083967,
    1.6397776471738088,
    0.4689333123296899,
    0.6539948523825608,
    0.37250640911750316,
    0.5848962680652418,
    1.8136624693432806,
    0.5993331920240657,
    1.6605695802907199,
    0.577152518707137,
    0.4705636941682817,
    1.390806059539348,
    0.27865327101223436,
    0.39092422514542885,
    0.2675950202128787,
    0.5574255432108502,
    0.8866304628888501,
    1.2444313560881985,
    0.47810244556038367,
    1.9466426107094306,
    0.36761935228452564,
    0.5418577418204168,
    1.3761854841737788,
    0.7009808788135494,
    0.14801703042145553,
    1.63034812578542,
    0.256467832841111,
    0.972117218744688,
    0.28633706111632845,
    0.5679423878520904,
    0.3770614050044589,
    0.33886693902974463,
    1.9877357084061842,
    0.7795292431799166,
    0.5953241793519854,
    1.7125432566030354,
    0.7683597295760548,
    0.7498401447190726,
    0.4199129960478629,
    0.3564618779354347,
    0.7007378963688465,
    1.2990591662273074,
    1.1156399162791615,
    0.47319331546546983,
    0.4525219906397752,
    1.508250654741951,
    0.30342016547469275,
    1.3282572871370133,
    0.4420905168534515,
    1.2907579519138788
  ],
  "accuracy": 0.640625,
  "classes": [
    "A",
    "D",
    "H"
  ],
  "delta_vs_baseline": 0.06215361791380425,
  "delta_vs_frontier": 0.1350536179138042,
  "p_value_ttest": 8.992190236489236e-05,
  "t_stat": 4.268336199617351,
  "verdict": "RED",
  "elapsed_sec": 15.689575672149658
}