{
  "mean": 0.8869624996593595,
  "std": 0.09044854195600092,
  "fold_losses": [
    0.7803621535509441,
    0.9114189580519805,
    0.9287148500634915,
    0.8553489648174798,
    0.9665306685959001,
    0.889100685779619,
    0.7171903027484515,
    1.0441945071767582,
    0.9593631670713004,
    0.821359954279314,
    0.8051754084407481,
    0.8375594218304593,
    0.9023740641725061,
    1.0248288055447274,
    0.8645968306326429,
    0.8680038409917602,
    0.7695486696000325,
    0.9297289645344852,
    0.9256573043124845,
    0.9480123278947947,
    0.8330244988356632,
    0.8356557469298137,
    0.859413089310076,
    0.9199570806920813,
    0.9966413885385169,
    0.7728276714287522,
    0.9181405422034525,
    1.109171794113381,
    0.8480713680141327,
    0.7798003485470923,
    0.7457174462723712,
    0.919000347654984,
    0.9864550334975681,
    0.9777545654796805,
    0.8006913299734665,
    0.7176292680837761,
    0.9256591999041752,
    0.9074096337066057,
    1.0910149454168052,
    0.7868402045828115,
    0.7811276542609448,
    0.9044261802700665,
    0.9385616715229615,
    0.8919663438219932,
    0.922940668254491,
    0.8892587796115813,
    0.8538098013085288,
    1.0411813380241326,
    0.8502168097480511,
    0.794690382870136
  ],
  "per_match_loss": [
    0.2788596947784192,
    0.6684990410363298,
    1.460831139515804,
    0.7987081131134074,
    1.4221388440392149,
    1.187114928927807,
    0.839928278472464,
    0.8744650601035592,
    0.21155485972966656,
    1.3703018085899865,
    1.457429496673618,
    0.808567925364244,
    1.6868135179542094,
    1.4503170445600944,
    1.4154776524946493,
    1.5729661081387696,
    0.47705476555756104,
    0.7647319661220205,
    0.38401684910737155,
    0.6321226285616538,
    1.419438815868585,
    0.6851187400712988,
    1.6193951082667224,
    0.588359047301701,
    0.5524750254143154,
    1.3061064279392842,
    0.2987432279310869,
    0.36632863558796375,
    0.24310311576384228,
    0.648020136874915,
    1.07315738732803,
    1.2371061379091206,
    0.5051328390302986,
    2.0033548868405875,
    0.3378649997572674,
    0.5628590588570829,
    1.4729753427007497,
    0.6270915540757345,
    0.21974860885815878,
    1.5147024064344696,
    0.2923371817707134,
    1.199192269659746,
    0.3970503306462185,
    0.6545736980068085,
    0.3645840089644362,
    0.3452699138778603,
    1.8990115368084177,
    0.7178592598655188,
    0.5730691730106807,
    1.7870409032124743,
    0.9248163666863927,
    0.7515835305525314,
    0.4932928977376374,
    0.3567565225290682,
    0.7561792411645324,
    1.2522863609246002,
    1.1236811755178706,
    0.5107411938184848,
    0.4947126462702672,
    1.4120713214586778,
    0.42306220305536274,
    1.2518651265093885,
    0.5119456366703473,
    1.2483883430713485
  ],
  "accuracy": 0.609375,
  "classes": [
    "A",
    "D",
    "H"
  ],
  "delta_vs_baseline": 0.053262499659359475,
  "delta_vs_frontier": 0.12616249965935944,
  "p_value_ttest": 0.00014444254050147083,
  "t_stat": 4.122095166518933,
  "verdict": "RED",
  "elapsed_sec": 17.597753047943115
}