{
  "mean": 0.9953709401942652,
  "std": 0.0998621156950992,
  "fold_losses": [
    1.0577979659403651,
    0.987444608553658,
    1.0571506657474852,
    0.94118330920736,
    0.928433028800915,
    0.9866866389659278,
    0.8695808473672914,
    1.0524249638553234,
    1.1040847246549856,
    0.9617990179567002,
    0.9281979569615758,
    1.056128975042531,
    0.8851248277456898,
    1.1327638667880593,
    0.9732406952878457,
    1.0850196269200096,
    0.7710775061472402,
    1.0929679504483822,
    0.9296506013799924,
    1.1070322987335952,
    0.9188989952230695,
    0.9941877564730681,
    0.953728682741857,
    1.0317469951465152,
    1.0855316586539703,
    0.905703085517477,
    0.9972272192984201,
    1.158176317330087,
    0.9546782810168698,
    0.9585406456107638,
    0.8910455678111042,
    1.1109021340453802,
    0.9551742620915961,
    1.1454226780483472,
    0.8645509285410586,
    0.7935080658212463,
    1.1561195686741186,
    0.9522582399511668,
    1.150122803501888,
    0.9192982229264012,
    0.8612571240250012,
    0.8992403248709617,
    0.9923558988209066,
    1.1793090118750984,
    1.0491317344792235,
    0.8535286323726893,
    0.9729662314509105,
    1.1288767599007175,
    0.9606310961691327,
    1.066638010819285
  ],
  "per_match_loss": [
    0.6344528430324468,
    0.6223504392951792,
    1.6704111087103857,
    0.734426382050047,
    1.4875035695333279,
    1.0268842833598295,
    0.8621672805330004,
    0.9085482373501113,
    0.2796384014850323,
    1.3922894541302344,
    1.1001931097670927,
    1.0759912712656432,
    1.5919120156102489,
    1.1632694657661395,
    1.1670638987391135,
    1.6876829144234315,
    0.8311714246006932,
    1.4416297838258614,
    0.6146912414440141,
    1.349486735701264,
    1.3534886737696594,
    0.6410761439076762,
    1.3444151926634385,
    0.863729921858431,
    0.685596219141355,
    1.255037395192133,
    1.074862636187426,
    0.5548994144749881,
    0.3444256978596223,
    0.4276294400075993,
    1.2194923676216198,
    1.3666822860625947,
    0.6841169197278347,
    1.4658423820559094,
    0.6076102221676766,
    0.7369788441141126,
    1.3272444773184189,
    0.4835258814692397,
    0.46716121593162047,
    1.2730619954346307,
    0.44181445350693355,
    1.8910411045551485,
    0.48503917168212246,
    1.1331112283246505,
    0.8751593690899505,
    0.557709799824223,
    1.8952597714752712,
    0.6464150882612766,
    0.5244185595443742,
    1.1932881109995104,
    1.3335568768154709,
    2.1413909887752607,
    0.4444685225282795,
    0.32912659415617984,
    1.122867173998955,
    1.4499205425846202,
    1.2221938451181216,
    0.48013418292879045,
    0.6930971572217824,
    1.488158206358574,
    0.28149323749752536,
    1.2541140363646834,
    0.9636944464878577,
    1.0415778327576233
  ],
  "accuracy": 0.5,
  "classes": [
    "A",
    "D",
    "H"
  ],
  "delta_vs_baseline": 0.1616709401942652,
  "delta_vs_frontier": 0.23457094019426517,
  "p_value_ttest": 2.6940021935200855e-15,
  "t_stat": 11.332591678862208,
  "verdict": "RED",
  "elapsed_sec": 25.79752802848816
}