{
  "mean": 0.8573741320277098,
  "std": 0.11200336546357825,
  "fold_losses": [
    0.8217401878408757,
    0.8171539709696045,
    1.0058302428744699,
    0.8963222629648026,
    0.9690368282974662,
    0.8359411941303119,
    0.9162523339152452,
    0.8757896858359803,
    0.909290230018343,
    0.8280336828326279,
    0.7850140416854363,
    1.1499049753140609,
    0.8149207624036028,
    0.858213602390279,
    0.705644391840002,
    0.7079595875347453,
    0.7568054660290477,
    0.8843938851565092,
    1.021873843538471,
    0.8073372753276767,
    0.7707373672933726,
    0.8318881905093962,
    0.9658273664168301,
    0.8432979182829184,
    0.7832683094426128,
    0.8780471227635982,
    0.8082126410567105,
    1.1493533471345032,
    0.6867452171118622,
    0.8117249308891507,
    0.7025498830500528,
    0.7378574261705366,
    0.7612526897528558,
    1.024277710148402,
    0.9832118366931453,
    0.7410296975123638,
    0.9139042228917533,
    0.9622378707941809,
    1.0696646585278886,
    0.7832208500667038,
    0.7888054781978424,
    0.8018909692468791,
    0.7563894318268385,
    0.8607210863652702,
    0.8749069872693352,
    0.7043138646226379,
    0.785174348860851,
    1.0539668969445821,
    0.8108213112487548,
    0.8559485193941078
  ],
  "accuracy": 0.640625,
  "oof_probs": [
    [
      0.017961441364550215,
      0.282936186163647,
      0.6991023724718027
    ],
    [
      0.19166440849992766,
      0.3152094449874911,
      0.4931261465125813
    ],
    [
      0.061417687437214506,
      0.1734365502429645,
      0.765145762319821
    ],
    [
      0.042341705390578376,
      0.32868599099722534,
      0.6289723036121964
    ],
    [
      0.649608164677669,
      0.13756814900150308,
      0.21282368632082793
    ],
    [
      0.03707987126661761,
      0.12609772383781745,
      0.8368224048955649
    ],
    [
      0.40594411666617436,
      0.23004103202087542,
      0.36401485131295025
    ],
    [
      0.19457612367287785,
      0.3003817501797885,
      0.5050421261473337
    ],
    [
      0.01966565113920897,
      0.3537446393943916,
      0.6265897094663994
    ],
    [
      0.03138012729962959,
      0.22227694346295482,
      0.7463429292374155
    ],
    [
      0.3281653003389794,
      0.26881750198639,
      0.4030171976746306
    ],
    [
      0.10564740369451806,
      0.311400877784006,
      0.582951718521476
    ],
    [
      0.006883101852743242,
      0.3373928125253344,
      0.6557240856219224
    ],
    [
      0.09357906121085,
      0.15573595644330368,
      0.7506849823458462
    ],
    [
      0.7369601566553344,
      0.1375568015004339,
      0.12548304184423176
    ],
    [
      0.036241955050737934,
      0.33820153850269197,
      0.62555650644657
    ],
    [
      0.054986131428843135,
      0.35320687750034707,
      0.5918069910708098
    ],
    [
      0.33175869300494204,
      0.22456838288741715,
      0.4436729241076408
    ],
    [
      0.023087123932378124,
      0.3372824785747228,
      0.6396303974928991
    ],
    [
      0.05962349452282904,
      0.3360383973872889,
      0.6043381080898822
    ],
    [
      0.019580187063678967,
      0.34263634377849267,
      0.6377834691578282
    ],
    [
      0.06995229480674181,
      0.34463202628187795,
      0.5854156789113802
    ],
    [
      0.1909211589728903,
      0.3163746596821432,
      0.4927041813449667
    ],
    [
      0.5799748903380246,
      0.1352103976545783,
      0.2848147120073971
    ],
    [
      0.06895383245935932,
      0.14222739188684444,
      0.7888187756537962
    ],
    [
      0.11305419976821159,
      0.3400500211120841,
      0.5468957791197042
    ],
    [
      0.04018059097948947,
      0.28953407614566734,
      0.6702853328748433
    ],
    [
      0.04885103513901788,
      0.34078782873995006,
      0.610361136121032
    ],
    [
      0.00018765023345923343,
      0.5735411856829064,
      0.42627116408363447
    ],
    [
      0.39851992392600993,
      0.1997135980254432,
      0.40176647804854687
    ],
    [
      0.059563625255857795,
      0.35247436225258943,
      0.5879620124915527
    ],
    [
      0.1467468330622272,
      0.31545614851708775,
      0.5377970184206851
    ],
    [
      0.06786098911255432,
      0.35095192910743056,
      0.5811870817800151
    ],
    [
      0.03394575638073665,
      0.3551368056933011,
      0.6109174379259623
    ],
    [
      0.1044119869331465,
      0.3143092842574602,
      0.5812787288093934
    ],
    [
      0.47540046798638685,
      0.11711835929433999,
      0.40748117271927325
    ],
    [
      0.10485834636453843,
      0.3191338120613942,
      0.5760078415740674
    ],
    [
      0.6786343553104041,
      0.18771828600295112,
      0.1336473586866447
    ],
    [
      0.0011437599629761403,
      0.07213202721055917,
      0.9267242128264647
    ],
    [
      0.03991285284461896,
      0.3549045458272815,
      0.6051826013280994
    ],
    [
      0.007419687197434899,
      0.3378973020305199,
      0.6546830107720452
    ],
    [
      0.2985298666179551,
      0.26541655732372965,
      0.4360535760583154
    ],
    [
      0.03991285284461896,
      0.3549045458272815,
      0.6051826013280994
    ],
    [
      0.44701832689111376,
      0.21265190579887777,
      0.3403297673100085
    ],
    [
      0.03377659969588497,
      0.3614101276922315,
      0.6048132726118836
    ],
    [
      0.03991285284461896,
      0.3549045458272815,
      0.6051826013280994
    ],
    [
      0.03556903951253264,
      0.3112586125983529,
      0.6531723478891145
    ],
    [
      0.5166494273610966,
      0.1981713902502336,
      0.28517918238866974
    ],
    [
      0.28757955173877475,
      0.43041149401139667,
      0.2820089542498286
    ],
    [
      0.5034192124140893,
      0.19205084741597828,
      0.30452994016993246
    ],
    [
      0.3013975471111029,
      0.26981106824697626,
      0.4287913846419208
    ],
    [
      0.14893379510963645,
      0.31488068223280125,
      0.5361855226575623
    ],
    [
      0.8349252590396421,
      0.06352559161097351,
      0.10154914934938451
    ],
    [
      0.028988084606070448,
      0.36544599307604764,
      0.6055659223178819
    ],
    [
      0.3418240128902912,
      0.4564703181817242,
      0.2017056689279846
    ],
    [
      0.420513034608891,
      0.46642840458337875,
      0.11305856080773019
    ],
    [
      0.28162253301522683,
      0.24379379029914133,
      0.47458367668563184
    ],
    [
      0.47473293354247054,
      0.21424256909208567,
      0.3110244973654437
    ],
    [
      0.6407778838793979,
      0.3048532391233089,
      0.05436887699729317
    ],
    [
      0.21832634567314577,
      0.7003799901029875,
      0.08129366422386676
    ],
    [
      0.7440300677159076,
      0.10390036886997465,
      0.15206956341411773
    ],
    [
      0.317760293720409,
      0.24717946592840898,
      0.435060240351182
    ],
    [
      0.5909451764206834,
      0.3124464435833735,
      0.09660837999594311
    ],
    [
      0.20482030564363293,
      0.2745657507142195,
      0.5206139436421475
    ]
  ],
  "classes": [
    "A",
    "D",
    "H"
  ],
  "delta_vs_baseline": 0.02367413202770985,
  "delta_vs_frontier": 0.09657413202770981,
  "p_value_ttest": 0.14538394448911965,
  "t_stat": 1.4795887918908845,
  "verdict": "RED",
  "elapsed_sec": 11.32982587814331
}