{
  "mean": 0.9265284541754655,
  "std": 0.10400849747252557,
  "fold_losses": [
    0.8511698966550496,
    0.9455803267183612,
    0.9615700499055095,
    0.8206850275495688,
    1.064742917500374,
    0.9666911901536567,
    0.7001756350584889,
    1.1416780650905005,
    0.9443634548868037,
    0.8763479527760002,
    0.8319639237927945,
    0.8908434569119325,
    0.9233177354484005,
    1.0757909188268369,
    0.909922955502943,
    0.9448295720443082,
    0.7387836337557623,
    0.9561396166339047,
    0.9818501404959261,
    1.0185954502238443,
    0.8756955650122102,
    0.8248293361697724,
    0.9343943980375222,
    0.8889774086364045,
    1.1244438932206686,
    0.8903853977978685,
    0.9047883366740018,
    1.1434456908943538,
    0.8420638050002487,
    0.8462584938342251,
    0.7972592864027658,
    0.981404671281009,
    1.0064294227041888,
    1.014423611218083,
    0.8258552524913535,
    0.7699195589438421,
    0.9890012178459341,
    0.9742278769762529,
    1.116200772924539,
    0.7718701144831219,
    0.8249525954282994,
    0.9693712024542697,
    0.9495402115953967,
    0.922575311727283,
    0.9700227287588848,
    0.9316805039287461,
    0.8636609821989769,
    1.1116413931228366,
    0.9204655015666006,
    0.7955962475126471
  ],
  "per_match_loss": [
    0.345286552504228,
    1.0622867821018556,
    1.011380991720702,
    1.2963895531170486,
    1.2457675679449094,
    0.8710582743686258,
    0.7832510938549044,
    1.4941429281044711,
    0.3351570189186217,
    1.0301575019596394,
    1.8844071760977925,
    1.237486938307287,
    1.4183300626136641,
    0.9500598441322341,
    1.192665682844854,
    1.1631183653717807,
    0.7289228751160381,
    0.7808452818314502,
    0.661209856659242,
    0.7220172269358812,
    1.235230731669911,
    0.9446599120769805,
    2.0815263108596995,
    0.5518366112187032,
    0.8530536861424312,
    0.9588023646394529,
    0.4568235894644885,
    0.5020820968371577,
    0.37736934971505864,
    0.6340379596177439,
    1.572628761159978,
    1.1162675033007075,
    0.7446380805283231,
    1.523013417073696,
    0.5037745382614696,
    0.48078524890624363,
    1.2192164401755423,
    0.600241117999132,
    0.28950188384189157,
    1.1689331127199027,
    0.39299094927693423,
    1.5508824194690354,
    0.5728332770232926,
    0.4512149373825992,
    0.6122941399536467,
    0.47208939948807904,
    1.5664957966929614,
    0.7279507888255149,
    0.5646893990690507,
    2.2625286999491516,
    1.3513744973445196,
    1.267949199089676,
    0.5557441860918042,
    0.6164546874985127,
    1.023890218759945,
    0.903902752928486,
    1.6858361578525496,
    0.45712982767906984,
    0.45644290210421695,
    1.1081183844397662,
    0.17693554674662235,
    0.9637331738133441,
    0.5269477491016262,
    1.007190539480703
  ],
  "accuracy": 0.515625,
  "classes": [
    "A",
    "D",
    "H"
  ],
  "delta_vs_baseline": 0.09282845417546548,
  "delta_vs_frontier": 0.16572845417546544,
  "p_value_ttest": 9.710120886534292e-08,
  "t_stat": 6.247558565105765,
  "verdict": "RED",
  "elapsed_sec": 16.317460536956787
}