{
  "mean": 0.9705309536629656,
  "std": 0.1510021865177867,
  "fold_losses": [
    0.8272975385366365,
    0.9074180607427957,
    1.2114600829444446,
    0.8665328133643067,
    1.0462002246936606,
    1.1958354451751445,
    1.0259462640674906,
    0.9367451809408073,
    0.9131430480404089,
    0.7656586618383535,
    1.1104549016573453,
    1.120010123956297,
    0.8640742640311488,
    0.9539009516136724,
    0.7908241668841905,
    0.762866792413376,
    0.7867248638213635,
    1.081350097447143,
    1.1257622874019182,
    1.1068717170734084,
    0.7427298970232219,
    0.8631344654903841,
    1.0755817174533087,
    1.0825392553998148,
    1.0989836482669022,
    0.8359650856282763,
    0.7841994248518839,
    1.3499361327880262,
    0.9336971665871966,
    0.9475201342375276,
    0.7980748976556782,
    0.9464666564671312,
    0.9255305478008442,
    1.1498080131557713,
    1.0384309702448158,
    0.6831942435647846,
    1.0755979340015216,
    0.9857683736622774,
    1.2756727694576648,
    0.8213816641707569,
    0.9414906562093422,
    0.8504306418977331,
    1.0128400113550424,
    1.0201926228284255,
    1.0329343349327704,
    0.9101016960505219,
    0.706124609326362,
    1.132975070626817,
    1.1059845864873687,
    1.0001829688822002
  ],
  "accuracy": 0.578125,
  "delta_vs_baseline": 0.1368309536629656,
  "p_value": 6.910536282017066e-08,
  "verdict": "RED",
  "n_cal_matches": 192,
  "n_bins": 7
}