{
  "mean": 0.8669142136799721,
  "std": 0.14743167235894375,
  "fold_losses": [
    0.6132604426087512,
    0.9628829922932096,
    0.9384252100313463,
    0.809938184496663,
    1.022265336631864,
    1.0231299953477815,
    0.6612982144544268,
    1.0267140189278623,
    0.8785785199714776,
    0.7349502574209884,
    0.831995830369676,
    0.8243548598872239,
    0.9169417335248208,
    0.9248969882549256,
    0.8341092054746321,
    0.8646855029653742,
    0.7270480684606542,
    0.8902816364244139,
    1.043056983140277,
    0.8049861949410534,
    0.7845056191142041,
    0.7762856812783726,
    0.9439558083237943,
    0.8181279309393422,
    1.0240331088873094,
    0.6433839909128151,
    0.826419258766358,
    1.2958194902238054,
    0.7840696680674395,
    0.7783142932130461,
    0.6603298583221904,
    0.7988641106197367,
    0.9224463601675618,
    1.1082365304453812,
    0.843114470663223,
    0.6150578390486294,
    0.8781854817324282,
    0.8589827579985271,
    1.2266176415366439,
    0.746733704838418,
    0.714491482350017,
    0.8678056682584434,
    0.8972150989581379,
    0.8576661042906301,
    1.0085378518356685,
    0.7915179661366163,
    0.7610736424584293,
    1.20248195622855,
    0.7381708863996841,
    0.8394662463557792
  ],
  "best_scale": 325,
  "best_bonus": 150,
  "bin_draw_rates": {
    "0": 0.22743682310469315,
    "1": 0.29393223010244285,
    "2": 0.2980132450331126,
    "3": 0.26560587515299877,
    "4": 0.26211180124223604,
    "5": 0.23438648052902278,
    "6": 0.12397491558128317
  },
  "delta_vs_baseline": 0.03321421367997213,
  "p_value": 0.93938457513385,
  "verdict": "RED"
}