{
  "mean": 0.993726563565197,
  "std": 0.12438114826615224,
  "fold_losses": [
    0.9050863048114801,
    0.9883192320221753,
    1.1058501291430218,
    0.8798369388478329,
    0.9839449713133893,
    0.902992446936664,
    0.9817326207088191,
    1.1240431385093963,
    1.0033654040052158,
    0.8063897771028432,
    1.0091888152138042,
    1.0116277274657606,
    0.8005849749875771,
    1.0886535565881625,
    1.0628724859082697,
    1.2119575763633004,
    0.781148512149488,
    1.0048614300104421,
    1.0044580498471483,
    1.1569706959095174,
    0.9165537302781808,
    0.9698608740473907,
    0.9113636017355755,
    0.9524772099660924,
    0.9795342616877937,
    1.104155792284738,
    0.9807191696254264,
    1.2823026808133564,
    0.7989132249374667,
    0.878663661108695,
    0.9679864447397334,
    1.1476216301250113,
    0.8920071002499212,
    0.9657562885460399,
    0.9802148990603236,
    0.8196882977683081,
    0.9652073419478205,
    0.9889779908670088,
    1.3307605338287147,
    1.041857857346576,
    0.8663373128735442,
    1.1886488947865235,
    0.9057305363716736,
    0.9573723790492377,
    1.060559148049419,
    0.8397975487387732,
    1.0074572575556537,
    1.254467641089969,
    0.984183318761674,
    0.933266762174902
  ],
  "accuracy": 0.578125,
  "oof_probs": [
    [
      0.04006804430808967,
      0.3587821489708566,
      0.6011498067210538
    ],
    [
      0.0822755806262078,
      0.33450078168224107,
      0.5832236376915512
    ],
    [
      0.024824179511277803,
      0.20253512987121608,
      0.7726406906175061
    ],
    [
      0.09462866520279263,
      0.3976507626349446,
      0.5077205721622629
    ],
    [
      0.5516023057374292,
      0.1542947751728953,
      0.29410291908967534
    ],
    [
      0.18036346101438605,
      0.35900066349051873,
      0.4606358754950953
    ],
    [
      0.3424204817994484,
      0.2758676574503858,
      0.3817118607501659
    ],
    [
      0.16126401683610347,
      0.4432094048011772,
      0.3955265783627193
    ],
    [
      0.018556465501153217,
      0.2765951072728425,
      0.7048484272260044
    ],
    [
      0.30838788036839315,
      0.2860930983849602,
      0.40551902124664657
    ],
    [
      0.3581377364130091,
      0.28071812194648327,
      0.3611441416405076
    ],
    [
      0.2776545207373562,
      0.41332305058457774,
      0.309022428678066
    ],
    [
      0.007698908391931693,
      0.1496184342852338,
      0.8426826573228345
    ],
    [
      0.10389172364067017,
      0.3269077655800331,
      0.5692005107792967
    ],
    [
      0.6297141186308457,
      0.1541548372532541,
      0.21613104411590026
    ],
    [
      0.07876191560129693,
      0.3267369116566903,
      0.5945011727420129
    ],
    [
      0.0816404110904638,
      0.4683274851245117,
      0.4500321037850245
    ],
    [
      0.17144223559677138,
      0.2501716867534779,
      0.5783860776497507
    ],
    [
      0.09739782221608058,
      0.4124823664274152,
      0.49011981135650434
    ],
    [
      0.11463883748604378,
      0.3994255953846785,
      0.4859355671292778
    ],
    [
      0.015467271873249118,
      0.19208684230839518,
      0.7924458858183556
    ],
    [
      0.06134278479097845,
      0.03242708997918326,
      0.9062301252298384
    ],
    [
      0.27145783921361155,
      0.32263522569482184,
      0.40590693509156656
    ],
    [
      0.5762857978881523,
      0.1533678778483987,
      0.27034632426344907
    ],
    [
      0.15780186985436484,
      0.1687149987292441,
      0.6734831314163912
    ],
    [
      0.19366301294161703,
      0.25202231940648273,
      0.5543146676519002
    ],
    [
      0.07892943622632528,
      0.4177794234453827,
      0.5032911403282919
    ],
    [
      0.02367759070210117,
      0.371232043188548,
      0.6050903661093507
    ],
    [
      0.02307706231616403,
      0.3817267922219216,
      0.5951961454619143
    ],
    [
      0.37813419024152645,
      0.2650497272943916,
      0.3568160824640819
    ],
    [
      0.3855347558539425,
      0.21273270415281875,
      0.4017325399932388
    ],
    [
      0.06284176119310048,
      0.10821866498518984,
      0.8289395738217097
    ],
    [
      0.06479677781416995,
      0.3797742563499288,
      0.5554289658359012
    ],
    [
      0.03404357165332152,
      0.2905349831812765,
      0.6754214451654019
    ],
    [
      0.07942491939588044,
      0.29079816744366666,
      0.6297769131604529
    ],
    [
      0.49547059434719687,
      0.2710907236064549,
      0.23343868204634818
    ],
    [
      0.18513433400961654,
      0.28930304443655586,
      0.5255626215538275
    ],
    [
      0.5147513694509409,
      0.13833916030221505,
      0.34690947024684393
    ],
    [
      0.028303470955143486,
      0.3417204370811893,
      0.6299760919636673
    ],
    [
      0.04316661265803858,
      0.3235109736068485,
      0.633322413735113
    ],
    [
      0.013217018957101614,
      0.2660511497622048,
      0.7207318312806936
    ],
    [
      0.3842041921847812,
      0.2016038960510384,
      0.4141919117641803
    ],
    [
      0.07086156734216617,
      0.3763325310744564,
      0.5528059015833774
    ],
    [
      0.5465003195047006,
      0.2388847664400472,
      0.21461491405525218
    ],
    [
      0.046016414187300014,
      0.31918352672085754,
      0.6348000590918425
    ],
    [
      0.036881123026993944,
      0.3946885714168613,
      0.5684303055561447
    ],
    [
      0.009192731664195817,
      0.036741373830316386,
      0.9540658945054878
    ],
    [
      0.47636525005349556,
      0.19535744766755242,
      0.328277302278952
    ],
    [
      0.44552223951035896,
      0.3540946216557042,
      0.20038313883393682
    ],
    [
      0.5799462718343432,
      0.2156434305002418,
      0.20441029766541502
    ],
    [
      0.15467195032105838,
      0.38113665951920783,
      0.46419139015973393
    ],
    [
      0.2157791868805892,
      0.44777446610303423,
      0.3364463470163766
    ],
    [
      0.42029257290269884,
      0.24386133879220984,
      0.3358460883050914
    ],
    [
      0.030500599428179988,
      0.25887025867298996,
      0.7106291418988301
    ],
    [
      0.4401363011266489,
      0.38561520036534513,
      0.1742484985080059
    ],
    [
      0.6453945085476097,
      0.14181611775389172,
      0.21278937369849862
    ],
    [
      0.3353840787710685,
      0.2782704733675048,
      0.3863454478614267
    ],
    [
      0.4881251234422696,
      0.31317510087442413,
      0.19869977568330632
    ],
    [
      0.4058119938122054,
      0.34309841896828924,
      0.25108958721950536
    ],
    [
      0.09521877224541912,
      0.14923815460304973,
      0.7555430731515312
    ],
    [
      0.7998288723747761,
      0.10713846437411832,
      0.09303266325110562
    ],
    [
      0.2983313123028239,
      0.35241735722999373,
      0.3492513304671823
    ],
    [
      0.4135729738981625,
      0.4479689815922427,
      0.13845804450959498
    ],
    [
      0.23598651746774482,
      0.2916667653089253,
      0.47234671722332977
    ]
  ],
  "classes": [
    "A",
    "D",
    "H"
  ],
  "delta_vs_baseline": 0.16002656356519696,
  "delta_vs_frontier": 0.23292656356519692,
  "p_value_ttest": 5.7740618930742175e-12,
  "t_stat": 9.00607496048671,
  "verdict": "RED",
  "elapsed_sec": 0.4598829746246338
}