{
  "mean": 0.8435517086336769,
  "std": 0.13316559196490224,
  "fold_losses": [
    0.6487162242550002,
    0.7556081221419002,
    0.8909404670134065,
    0.9702332768811718,
    0.9854994947984137,
    0.9785603522850472,
    0.7261544485085223,
    0.8781500222816193,
    0.8126027462769392,
    0.8732642222404104,
    0.9059704706450643,
    0.8961199317886872,
    0.7290863734539583,
    0.9116240341783465,
    0.7245275298961097,
    0.7176443322971143,
    0.7383000620178041,
    0.8685324960243298,
    0.7990438730277349,
    0.9601363588849084,
    0.7063741961586871,
    0.9026956613857284,
    0.8443383593680238,
    0.9270358802371648,
    0.8150601233392547,
    0.8838701330533524,
    0.7347894376535758,
    1.2226093948148629,
    0.738933490820124,
    0.7666049338842105,
    0.6884560878603132,
    0.6944497139951831,
    0.8324968151006634,
    1.1363561400319997,
    0.8329554278847043,
    0.6304595261363524,
    0.9815372579828772,
    0.8460409296057401,
    1.0557824038414123,
    0.6943543013340654,
    0.7023350978091754,
    0.7976341828443206,
    0.9855366089669325,
    0.7270790414102482,
    0.9732569831545234,
    0.7185031929433762,
    0.7000390678190096,
    1.1679879408791682,
    0.8078248141486734,
    0.8914734483236293
  ],
  "accuracy": 0.578125,
  "oof_probs": [
    [
      0.010197349671943086,
      0.23294967277221035,
      0.7568529775558466
    ],
    [
      0.09663132182506833,
      0.38204120589347706,
      0.5213274722814547
    ],
    [
      0.014897564525265786,
      0.03663269529055733,
      0.948469740184177
    ],
    [
      0.033045553032574816,
      0.26969551746966935,
      0.6972589294977559
    ],
    [
      0.8825729394491457,
      0.059199338700332185,
      0.058227721850521906
    ],
    [
      0.24715488798409632,
      0.3426071941134444,
      0.41023791790245917
    ],
    [
      0.48906817449537926,
      0.25761797554517535,
      0.2533138499594455
    ],
    [
      0.14916821807491798,
      0.3737302120313159,
      0.4771015698937661
    ],
    [
      0.0038958095558811992,
      0.30227643021691064,
      0.6938277602272082
    ],
    [
      0.11889562464531903,
      0.33472198715197155,
      0.5463823882027095
    ],
    [
      0.4674743514972868,
      0.27067505648304824,
      0.26185059201966504
    ],
    [
      0.15148140555844095,
      0.3485097835975557,
      0.5000088108440034
    ],
    [
      0.0012971225140457339,
      0.29889118281892124,
      0.699811694667033
    ],
    [
      0.05668693383253873,
      0.3485000802940392,
      0.5948129858734221
    ],
    [
      0.8370621594516238,
      0.08711424991883387,
      0.07582359062954233
    ],
    [
      0.0216632117714096,
      0.35360767545717314,
      0.6247291127714173
    ],
    [
      0.03307829302497152,
      0.36709163417406,
      0.5998300728009686
    ],
    [
      0.2766003805379713,
      0.26803287147123783,
      0.45536674799079097
    ],
    [
      0.013923445276039632,
      0.30677813489657807,
      0.6792984198273824
    ],
    [
      0.027171552307265635,
      0.4571780955507548,
      0.5156503521419795
    ],
    [
      0.0058527206785842075,
      0.3356647988581392,
      0.6584824804632766
    ],
    [
      0.12827489622269664,
      0.34826184651466374,
      0.5234632572626398
    ],
    [
      0.3659498169213032,
      0.3104025211541016,
      0.3236476619245952
    ],
    [
      0.39075273264995436,
      0.2046196375284424,
      0.4046276298216033
    ],
    [
      0.03601859195630844,
      0.05215962478711136,
      0.9118217832565803
    ],
    [
      0.12132980656672508,
      0.38064449569471415,
      0.4980256977385608
    ],
    [
      0.010385734468947055,
      0.2068542417234321,
      0.7827600238076209
    ],
    [
      0.024886275125848154,
      0.3619701650422752,
      0.6131435598318766
    ],
    [
      0.008467008289260752,
      0.32985966629453467,
      0.6616733254162046
    ],
    [
      0.7095211179676423,
      0.13873817869409769,
      0.15174070333825995
    ],
    [
      0.052557804506461366,
      0.26855059300847556,
      0.6788916024850632
    ],
    [
      0.1274529710564539,
      0.36539645912175095,
      0.5071505698217951
    ],
    [
      0.02278278993884907,
      0.3585464069068162,
      0.6186708031543346
    ],
    [
      0.012265259260124586,
      0.33868907516701685,
      0.6490456655728585
    ],
    [
      0.061813065981213784,
      0.32341466364886345,
      0.6147722703699228
    ],
    [
      0.5177351353134222,
      0.21441402196536988,
      0.2678508427212079
    ],
    [
      0.04351192233503113,
      0.3164208283454166,
      0.6400672493195522
    ],
    [
      0.6532792280702812,
      0.16607498401057538,
      0.18064578791914349
    ],
    [
      0.0050791083342053515,
      0.37898858651385786,
      0.6159323051519369
    ],
    [
      0.032717077823682855,
      0.36574322333262466,
      0.6015396988436925
    ],
    [
      0.002165195169280429,
      0.2935692410040753,
      0.7042655638266443
    ],
    [
      0.3245292168731819,
      0.3093663198648525,
      0.3661044632619656
    ],
    [
      0.03205483467608276,
      0.36526977730942506,
      0.602675388014492
    ],
    [
      0.6942641389322703,
      0.14374493074475173,
      0.161990930322978
    ],
    [
      0.028516885786598088,
      0.3719402176898549,
      0.599542896523547
    ],
    [
      0.040826934788910266,
      0.3705191247571102,
      0.5886539404539796
    ],
    [
      0.013396065946125257,
      0.2939574855970302,
      0.6926464484568445
    ],
    [
      0.638671546242597,
      0.1944002014974607,
      0.16692825225994223
    ],
    [
      0.36725834110194705,
      0.2503473427795438,
      0.38239431611850916
    ],
    [
      0.5751280994602725,
      0.21172323302339793,
      0.21314866751632955
    ],
    [
      0.13764499056767868,
      0.3267732372851515,
      0.5355817721471697
    ],
    [
      0.08935750987612108,
      0.4824181856415835,
      0.4282243044822954
    ],
    [
      0.689187123526282,
      0.1350856646543205,
      0.17572721181939735
    ],
    [
      0.006141382693305716,
      0.29482771880276365,
      0.6990308985039305
    ],
    [
      0.2755399322737096,
      0.343382737295931,
      0.38107733043035946
    ],
    [
      0.3068572676189348,
      0.2845533539186674,
      0.40858937846239785
    ],
    [
      0.4425903085401339,
      0.24336448897875446,
      0.31404520248111145
    ],
    [
      0.5919218762842169,
      0.21620697311059017,
      0.19187115060519294
    ],
    [
      0.636218511521859,
      0.19564628534288636,
      0.1681352031352546
    ],
    [
      0.05628264988783694,
      0.3073851633278045,
      0.6363321867843585
    ],
    [
      0.9038509996436801,
      0.04823178260260812,
      0.04791721775371177
    ],
    [
      0.25026750367914097,
      0.2710228598234488,
      0.4787096364974103
    ],
    [
      0.6633355712122576,
      0.16121525995962077,
      0.1754491688281216
    ],
    [
      0.14763002229150746,
      0.30974421333842184,
      0.5426257643700706
    ]
  ],
  "classes": [
    "A",
    "D",
    "H"
  ],
  "delta_vs_baseline": 0.009851708633676903,
  "p_value": 0.6068820167781966,
  "verdict": "RED",
  "best_C": 0.5
}