{
  "mean": 0.8021440897279585,
  "std": 0.12150533263834662,
  "fold_losses": [
    0.6478157359034196,
    0.8049097439861341,
    0.8148805915106029,
    0.7433608550781182,
    1.0149173903277589,
    0.979881757704222,
    0.6810164007575172,
    0.8544024625805632,
    0.7780848951667569,
    0.7089639181194092,
    0.778209571963354,
    0.7960566080322378,
    0.7790942120353322,
    0.8784555922949273,
    0.7756642443262175,
    0.8025739882342895,
    0.6571544227024279,
    0.8178824260841792,
    0.9122843435395004,
    0.8210784484054603,
    0.7510060445649478,
    0.6873447859964757,
    0.8552090585429332,
    0.7869031101312685,
    0.9396299781739628,
    0.5863650223991849,
    0.7673404019034709,
    1.1720074511255634,
    0.7544543168654569,
    0.7232837690277409,
    0.6246795903202647,
    0.7545635403005619,
    0.8089114147854471,
    1.0235655386598497,
    0.7974348029409231,
    0.6296214539613698,
    0.8243370229875366,
    0.7889619749776251,
    1.0810235350119526,
    0.6758589081625326,
    0.6933074633202337,
    0.7864577777269243,
    0.8170482510983217,
    0.7819336107069529,
    0.9414888659224214,
    0.7370851786559741,
    0.6925804601882125,
    1.0727906379454741,
    0.7257721949822025,
    0.7795507162597047
  ],
  "accuracy": null,
  "delta_vs_baseline": -0.03155591027204152,
  "p_value": 0.0375934429524263,
  "verdict": "GREEN",
  "best_bonus": 600,
  "best_dr": 0.3,
  "best_sc": 400,
  "all_results": [
    [
      600,
      0.8021440897279585,
      0.12150533263834662
    ],
    [
      550,
      0.8022402194964324,
      0.12111440171003932
    ],
    [
      500,
      0.8023876391434017,
      0.12061919782585706
    ],
    [
      450,
      0.8026151261808171,
      0.12000131466695307
    ],
    [
      425,
      0.8027718926952246,
      0.11964120769879492
    ],
    [
      400,
      0.8029667146989994,
      0.11924487320395674
    ],
    [
      375,
      0.8032085427266458,
      0.11881138115714057
    ],
    [
      350,
      0.8035081640216388,
      0.11834054514676723
    ],
    [
      325,
      0.8038784653532585,
      0.11783313046834067
    ],
    [
      300,
      0.8043346961558921,
      0.11729108430223341
    ],
    [
      275,
      0.8048947206525806,
      0.11671778761095375
    ],
    [
      250,
      0.8055792464844908,
      0.11611832995381267
    ]
  ]
}