{
  "mean": 0.8240142219999268,
  "std": 0.12092397873387382,
  "fold_losses": [
    0.634833112776485,
    0.7084298660134606,
    0.8301779225645742,
    0.9001480739988986,
    1.0620570115421122,
    0.8869034746355052,
    0.7043569322471905,
    0.8893382884481684,
    0.8239252014290847,
    0.8118775133517042,
    0.8877669828501727,
    0.8167716890843958,
    0.7835936071430483,
    0.9464307580187563,
    0.6710017779872448,
    0.7570041083263876,
    0.7461935627511208,
    0.8488474753206218,
    0.7907493884089629,
    0.9870843221339647,
    0.7298059246471236,
    0.8817118464997047,
    0.8959845398827013,
    0.8041835736150068,
    0.8041186931434013,
    0.7139926659489986,
    0.7680356955537818,
    1.126291494091872,
    0.7146223683891593,
    0.7919243255258527,
    0.658628247963806,
    0.7122354835103357,
    0.8208509036578785,
    1.0214923618483331,
    0.9108041547795995,
    0.6374873212182905,
    0.9560207080243678,
    0.8580711224666769,
    0.9347385217548805,
    0.7232675885887486,
    0.6899717877725122,
    0.8492260271678591,
    0.8374090426770813,
    0.7468426664377108,
    1.0080414171152219,
    0.6812564532942467,
    0.7067093592705311,
    1.16211397141439,
    0.741722449917702,
    0.8256593147867065
  ],
  "accuracy": 0.640625,
  "delta_vs_baseline": -0.009685778000073197,
  "p_value": 0.5775661902618047,
  "verdict": "FLAT",
  "best_combo": "elo-ks"
}