{
  "mean": 0.8374050773624865,
  "std": 0.11414419765737109,
  "fold_losses": [
    0.7019001231329612,
    0.7957907484571713,
    0.9034375927836946,
    0.8120959397550235,
    1.0019465972560175,
    0.8147428949804797,
    0.7927956612382963,
    0.9280968489796013,
    0.8750702891398595,
    0.7855627377756992,
    0.7899154138076566,
    0.8753266179045742,
    0.7771251467514243,
    0.891761277804325,
    0.7355424153914548,
    0.7381242488239258,
    0.7797155984034448,
    0.8773699615199569,
    0.869634269396204,
    0.8559114618230014,
    0.706703982098203,
    0.8898077541682379,
    0.8884108821221925,
    0.8446607233467687,
    0.8305872489179067,
    0.9342299734756628,
    0.7423210822393957,
    1.192668357154147,
    0.7432151173206906,
    0.8011139361719452,
    0.6992604120700124,
    0.7374880435956421,
    0.8425792454240751,
    1.0105162250779949,
    0.8806862799842964,
    0.6283087441143813,
    0.9353925008818492,
    0.9138281567568771,
    1.0669164470605657,
    0.7269765977203058,
    0.7207267182798193,
    0.8256070171568144,
    0.746849418148953,
    0.7942124648687786,
    1.0032651091514004,
    0.6793632951901218,
    0.7560725819740797,
    1.1478556759861405,
    0.7629807885923311,
    0.8157832439499688
  ],
  "accuracy": 0.640625,
  "oof_probs": [
    [
      0.03432005682655366,
      0.3838025935134872,
      0.581877349659959
    ],
    [
      0.11540546417310783,
      0.3436199949832613,
      0.5409745408436308
    ],
    [
      0.04426694870901717,
      0.16232159556616907,
      0.7934114557248139
    ],
    [
      0.05311832891491635,
      0.38409774882707215,
      0.5627839222580114
    ],
    [
      0.7527077327843396,
      0.1188961296121618,
      0.12839613760349866
    ],
    [
      0.10772488525335878,
      0.32143738800747623,
      0.570837726739165
    ],
    [
      0.5105894733936676,
      0.2295877564092054,
      0.2598227701971271
    ],
    [
      0.1762097777673809,
      0.3316001812337157,
      0.4921900409989033
    ],
    [
      0.00944794790117336,
      0.29972957733685546,
      0.6908224747619712
    ],
    [
      0.10596791544941483,
      0.35475833363930315,
      0.539273750911282
    ],
    [
      0.37549101897879683,
      0.28557677563588935,
      0.33893220538531377
    ],
    [
      0.1111572281900174,
      0.32073895432545907,
      0.5681038174845235
    ],
    [
      0.001982908975284326,
      0.2786122114579911,
      0.7194048795667245
    ],
    [
      0.05314061392057107,
      0.3281362831936419,
      0.618723102885787
    ],
    [
      0.8182235900699633,
      0.08953637279358302,
      0.09224003713645391
    ],
    [
      0.023645989350260008,
      0.3387490298939421,
      0.6376049807557979
    ],
    [
      0.03697356699350961,
      0.3382157820338959,
      0.6248106509725945
    ],
    [
      0.42065992553407117,
      0.22689642089192782,
      0.3524436535740011
    ],
    [
      0.013017612903685777,
      0.32446728596424945,
      0.6625151011320648
    ],
    [
      0.045705843774296,
      0.3511627446376082,
      0.6031314115880957
    ],
    [
      0.007999047214303499,
      0.3110191937178477,
      0.6809817590678489
    ],
    [
      0.10858304239249277,
      0.32459729094201634,
      0.5668196666654909
    ],
    [
      0.19083429105992278,
      0.3398714876872091,
      0.4692942212528681
    ],
    [
      0.7405908048849918,
      0.10799090325110311,
      0.1514182918639051
    ],
    [
      0.12065057054524059,
      0.16784865235322854,
      0.7115007771015308
    ],
    [
      0.09614185248623251,
      0.3517663166910973,
      0.5520918308226702
    ],
    [
      0.025536591836179602,
      0.32751299888182833,
      0.646950409281992
    ],
    [
      0.027262105724884692,
      0.3366201277558507,
      0.6361177665192645
    ],
    [
      0.007701129298788457,
      0.3013799288291362,
      0.6909189418720753
    ],
    [
      0.5165810475315142,
      0.19266601921316012,
      0.29075293325532575
    ],
    [
      0.06356983010262524,
      0.33471159997202715,
      0.6017185699253476
    ],
    [
      0.12055375098439404,
      0.34285149926854164,
      0.5365947497470642
    ],
    [
      0.04888817041871211,
      0.34419394864504715,
      0.6069178809362408
    ],
    [
      0.01948979194746183,
      0.3213228674587927,
      0.6591873405937454
    ],
    [
      0.07637968495013153,
      0.3281581152461802,
      0.5954621998036883
    ],
    [
      0.4653028879738728,
      0.21947568299300363,
      0.31522142903312345
    ],
    [
      0.09491161011922358,
      0.32386580120049385,
      0.5812225886802825
    ],
    [
      0.5525918724778611,
      0.18743598436174033,
      0.2599721431603985
    ],
    [
      0.007680945192265322,
      0.31081956457656396,
      0.6814994902311707
    ],
    [
      0.02416296977846309,
      0.32734630068729276,
      0.648490729534244
    ],
    [
      0.002191528931884626,
      0.2809254708960951,
      0.7168830001720202
    ],
    [
      0.3095653040548868,
      0.29270900678171036,
      0.3977256891634029
    ],
    [
      0.02416296977846309,
      0.32734630068729276,
      0.648490729534244
    ],
    [
      0.5085765041713459,
      0.22043760828536388,
      0.2709858875432903
    ],
    [
      0.020289486843224024,
      0.3238686484416733,
      0.6558418647151026
    ],
    [
      0.02416296977846309,
      0.32734630068729276,
      0.648490729534244
    ],
    [
      0.020464503085254673,
      0.3181229511735024,
      0.6614125457412429
    ],
    [
      0.6207588568681119,
      0.18883630922063296,
      0.19040483391125515
    ],
    [
      0.3461344207121572,
      0.4609841728198398,
      0.19288140646800303
    ],
    [
      0.581501570180005,
      0.19139029432118013,
      0.2271081354988148
    ],
    [
      0.29877034655582146,
      0.27101878893018655,
      0.43021086451399204
    ],
    [
      0.15206737218858757,
      0.3478863982063728,
      0.5000462296050396
    ],
    [
      0.6986103213739041,
      0.13089394194432574,
      0.17049573668177018
    ],
    [
      0.01648034700088638,
      0.3217083231441197,
      0.661811329854994
    ],
    [
      0.3461344207121572,
      0.4609841728198398,
      0.19288140646800303
    ],
    [
      0.2941515387777186,
      0.2772977653029289,
      0.4285506959193526
    ],
    [
      0.3460677350980167,
      0.2524380196550183,
      0.401494245246965
    ],
    [
      0.5692327037870586,
      0.21073163004019987,
      0.22003566617274145
    ],
    [
      0.6373896572496757,
      0.1816108632964671,
      0.18099947945385722
    ],
    [
      0.14218268361858197,
      0.31371111622686454,
      0.5441062001545535
    ],
    [
      0.8698918954057041,
      0.06929793607961453,
      0.0608101685146815
    ],
    [
      0.33183870484779,
      0.2652779747744364,
      0.4028833203777737
    ],
    [
      0.5330900993562938,
      0.21080288733993383,
      0.25610701330377245
    ],
    [
      0.23165060133157636,
      0.2889939056534699,
      0.47935549301495384
    ]
  ],
  "classes": [
    "A",
    "D",
    "H"
  ],
  "delta_vs_baseline": 0.0037050773624864863,
  "delta_vs_frontier": 0.07660507736248645,
  "p_value_ttest": 0.8212001017872729,
  "t_stat": 0.22721734498722954,
  "verdict": "RED",
  "elapsed_sec": 7.182793855667114
}