{
  "mean": 0.8403022798601809,
  "std": 0.10808648529895679,
  "fold_losses": [
    0.7232908601715113,
    0.8062170026000159,
    0.9012617842861064,
    0.8107538237481245,
    0.9862480434160333,
    0.8227207755638205,
    0.7865446678457995,
    0.9311613179307846,
    0.8845721007483166,
    0.7845361445911077,
    0.7926456131342159,
    0.8752811035104153,
    0.7777916014347513,
    0.9017156459177073,
    0.7495927543650135,
    0.7574158917046503,
    0.7662141143432069,
    0.8836572882845848,
    0.8682965693560403,
    0.8647190280628481,
    0.7175082568458501,
    0.8833753872175141,
    0.8840173233427726,
    0.8520322593158947,
    0.8451280507473391,
    0.9158782094251267,
    0.7514981728275937,
    1.1818174095443128,
    0.7525277394036016,
    0.8010124741818104,
    0.7073027094370598,
    0.7593147492120506,
    0.8453185995517442,
    1.0059983138055888,
    0.8652394537877443,
    0.6350238932208114,
    0.9354520677078048,
    0.9048549827545547,
    1.0655697400531805,
    0.733894300544061,
    0.7243839710801835,
    0.8234043833684621,
    0.7601264882888845,
    0.8154478839423003,
    0.9935546983620939,
    0.6870312770449297,
    0.7663421683951138,
    1.1322988648872039,
    0.7706137985468667,
    0.8245102351515352
  ],
  "accuracy": 0.640625,
  "oof_probs": [
    [
      0.041029068047537524,
      0.3764689542464435,
      0.582501977706019
    ],
    [
      0.1244126174455196,
      0.3321097197262839,
      0.5434776628281965
    ],
    [
      0.04964212649597473,
      0.16551620373070827,
      0.7848416697733169
    ],
    [
      0.06288281838250094,
      0.37572573606883264,
      0.5613914455486665
    ],
    [
      0.7092060051456889,
      0.13409376771070552,
      0.15670022714360557
    ],
    [
      0.12218649567381096,
      0.33028562351096347,
      0.5475278808152255
    ],
    [
      0.5016988469842287,
      0.23318833276360607,
      0.26511282025216537
    ],
    [
      0.18545862208098274,
      0.3305925775219108,
      0.4839488003971066
    ],
    [
      0.01164155330401421,
      0.28593013183263594,
      0.7024283148633499
    ],
    [
      0.1200903377101661,
      0.34667907704343454,
      0.5332305852463993
    ],
    [
      0.37845065450315685,
      0.2831668831266473,
      0.3383824623701958
    ],
    [
      0.12810728711056457,
      0.32198654365064777,
      0.5499061692387877
    ],
    [
      0.002931389224683151,
      0.2724590050887164,
      0.7246096056866005
    ],
    [
      0.06209217667238384,
      0.33021015922460256,
      0.6076976641030136
    ],
    [
      0.7976929347919267,
      0.1032403025993652,
      0.09906676260870806
    ],
    [
      0.0279038377902776,
      0.32197197567327906,
      0.6501241865364433
    ],
    [
      0.04602344003407273,
      0.3396811240517873,
      0.61429543591414
    ],
    [
      0.40062298182813294,
      0.22791699476609079,
      0.3714600234057763
    ],
    [
      0.017395860534160455,
      0.32253698964802263,
      0.660067149817817
    ],
    [
      0.060065066247585584,
      0.3603381710420288,
      0.5795967627103856
    ],
    [
      0.010924150027988187,
      0.3094285298895661,
      0.6796473200824457
    ],
    [
      0.11664789436590753,
      0.3185630687226707,
      0.5647890369114218
    ],
    [
      0.21452657812295398,
      0.3341092057371926,
      0.45136421613985334
    ],
    [
      0.7143048983242156,
      0.12304278819998508,
      0.16265231347579923
    ],
    [
      0.1301079099967343,
      0.17681618376827912,
      0.6930759062349866
    ],
    [
      0.11469502093195216,
      0.3539289213565705,
      0.5313760577114773
    ],
    [
      0.035029708884867776,
      0.3329448348854862,
      0.6320254562296459
    ],
    [
      0.033949370440655345,
      0.3268487526180899,
      0.6392018769412547
    ],
    [
      0.009969460745380082,
      0.29143635563991477,
      0.6985941836147052
    ],
    [
      0.5338005352517342,
      0.1979726262179234,
      0.2682268385303424
    ],
    [
      0.07904827176042284,
      0.34196344228098224,
      0.5789882859585949
    ],
    [
      0.13059613869304063,
      0.33812138341910447,
      0.5312824778878549
    ],
    [
      0.058644020297602316,
      0.33649625697552943,
      0.6048597227268683
    ],
    [
      0.02318856389165866,
      0.31284772058120036,
      0.6639637155271411
    ],
    [
      0.08526015567698447,
      0.3204465840086481,
      0.5942932603143674
    ],
    [
      0.46684565349478646,
      0.2224930592320711,
      0.3106612872731424
    ],
    [
      0.1053746546268399,
      0.3197876387050185,
      0.5748377066681416
    ],
    [
      0.5616124580660387,
      0.19392798819495566,
      0.24445955373900577
    ],
    [
      0.010331238784735504,
      0.3062824867645958,
      0.6833862744506687
    ],
    [
      0.02835969826132547,
      0.32400718857569116,
      0.6476331131629833
    ],
    [
      0.0034485290436005018,
      0.2745726402887087,
      0.7219788306676908
    ],
    [
      0.3375594831396445,
      0.2939954565688023,
      0.36844506029155316
    ],
    [
      0.02930471023000166,
      0.31942001779932633,
      0.651275271970672
    ],
    [
      0.4891120855007433,
      0.22881041893509263,
      0.2820774955641641
    ],
    [
      0.02718132768086726,
      0.32925117842137186,
      0.6435674938977608
    ],
    [
      0.029042596030329212,
      0.32553773403429526,
      0.6454196699353756
    ],
    [
      0.023450239243368223,
      0.2979611579550441,
      0.6785886028015877
    ],
    [
      0.6113689447628755,
      0.19341064473355388,
      0.19522041050357067
    ],
    [
      0.3694139832079219,
      0.44142166682074513,
      0.18916434997133288
    ],
    [
      0.5691247227842016,
      0.19643193678222945,
      0.23444334043356893
    ],
    [
      0.3178818209058565,
      0.2688127241361534,
      0.4133054549579901
    ],
    [
      0.18936403007451705,
      0.3482832968660055,
      0.4623526730594774
    ],
    [
      0.6952472780961777,
      0.13953632803324265,
      0.16521639387057976
    ],
    [
      0.019714470369177915,
      0.3075340754982621,
      0.6727514541325599
    ],
    [
      0.3468723361724967,
      0.448931835437875,
      0.20419582838962838
    ],
    [
      0.31891060907510643,
      0.27707881578108734,
      0.4040105751438063
    ],
    [
      0.3581066797630115,
      0.2513577514432684,
      0.39053556879372003
    ],
    [
      0.5760316857095633,
      0.21601622403378265,
      0.20795209025665393
    ],
    [
      0.6243242932187962,
      0.1896543036494522,
      0.18602140313175144
    ],
    [
      0.1512328538919737,
      0.30479656953705664,
      0.5439705765709697
    ],
    [
      0.8616145786302133,
      0.07636175907586809,
      0.06202366229391856
    ],
    [
      0.3366882131279699,
      0.26746900028253945,
      0.3958427865894906
    ],
    [
      0.5178723097113843,
      0.2203157228480563,
      0.26181196744055946
    ],
    [
      0.2471842451973778,
      0.2982124694723143,
      0.45460328533030786
    ]
  ],
  "classes": [
    "A",
    "D",
    "H"
  ],
  "best_alpha": 0.1,
  "delta_vs_baseline": 0.006602279860180915,
  "delta_vs_frontier": 0.07950227986018088,
  "p_value_ttest": 0.6708279525536543,
  "t_stat": 0.4275831422720197,
  "verdict": "RED",
  "elapsed_sec": 10.937087774276733
}