{
  "mean": 0.8450870481975312,
  "std": 0.10399831894331732,
  "fold_losses": [
    0.7586796833302049,
    0.8257021153357099,
    0.836797975139732,
    0.833096456888235,
    0.9168318842390918,
    0.7824527954980076,
    0.7488176529954763,
    0.8777992821001449,
    0.9725096302942693,
    0.8261246640027015,
    0.8772274837144269,
    0.7996089027927091,
    0.8323617808088597,
    0.8569463255696365,
    0.6998943628226054,
    0.7843862101870445,
    0.7911903718015321,
    0.892619385096083,
    0.8064569365228466,
    0.9747176387615982,
    0.7175367028944029,
    0.9456674488408644,
    0.8987628345287446,
    0.7724616016520537,
    0.8854467069669368,
    0.9075017461022933,
    0.8148463368236363,
    1.1150334209652197,
    0.7763505920742296,
    0.7833776785980002,
    0.7151081604387387,
    0.7820405390070001,
    0.786200554878048,
    0.9382063430026343,
    1.0595313416856873,
    0.7181146147049055,
    0.9189577391749559,
    0.8557171140883789,
    0.9607404155565374,
    0.732825960149256,
    0.7320115528497293,
    0.8389582235328855,
    0.7540954037948885,
    0.8099410159506729,
    1.0158213595744845,
    0.6519163253620993,
    0.774012037370873,
    1.1586360055583405,
    0.9063515876666641,
    0.833959508182489
  ],
  "accuracy": 0.578125,
  "oof_probs": [
    [
      0.04758678811075912,
      0.497805271855549,
      0.454607940033692
    ],
    [
      0.2527697014563077,
      0.3219061950242831,
      0.4253241035194093
    ],
    [
      0.1327598148429851,
      0.21214637497694175,
      0.6550938101800732
    ],
    [
      0.06259678224711937,
      0.5764680410531405,
      0.3609351766997401
    ],
    [
      0.7876713870437582,
      0.12183569968312864,
      0.0904929132731134
    ],
    [
      0.11640902929500846,
      0.3318018614228316,
      0.55178910928216
    ],
    [
      0.30577439885734614,
      0.3264298214715601,
      0.36779577967109384
    ],
    [
      0.5064276137005014,
      0.20046172381092361,
      0.2931106624885749
    ],
    [
      0.019176682187862747,
      0.2776131026761442,
      0.703210215135993
    ],
    [
      0.07655431376183437,
      0.39302587165201885,
      0.5304198145861467
    ],
    [
      0.2671344844218192,
      0.28420760887508784,
      0.448657906703093
    ],
    [
      0.06324875511207972,
      0.35942434460155437,
      0.5773269002863659
    ],
    [
      0.008057113707026872,
      0.24905281280638264,
      0.7428900734865904
    ],
    [
      0.05645037146611596,
      0.3348713554475218,
      0.6086782730863622
    ],
    [
      0.6389612792907641,
      0.1771371482030022,
      0.18390157250623382
    ],
    [
      0.11946729370329418,
      0.2743282981067547,
      0.6062044081899511
    ],
    [
      0.1040602029260488,
      0.28337748444157856,
      0.6125623126323725
    ],
    [
      0.618387004643321,
      0.16773415031267433,
      0.21387884504400476
    ],
    [
      0.05873084744689694,
      0.3738359594045846,
      0.5674331931485185
    ],
    [
      0.0440521968991587,
      0.3115005189148025,
      0.6444472841860388
    ],
    [
      0.020638289647615573,
      0.3347335756135428,
      0.6446281347388417
    ],
    [
      0.11382967884544938,
      0.2785230949109058,
      0.6076472262436449
    ],
    [
      0.16388968730136064,
      0.22577184284530338,
      0.610338469853336
    ],
    [
      0.41282369042666167,
      0.3046718939612057,
      0.2825044156121326
    ],
    [
      0.159346397860966,
      0.24293482143073067,
      0.5977187807083033
    ],
    [
      0.08563897997021064,
      0.36695899920899894,
      0.5474020208207904
    ],
    [
      0.03641115423030384,
      0.14197962851994297,
      0.8216092172497531
    ],
    [
      0.06844053005776929,
      0.38641719057661805,
      0.5451422793656127
    ],
    [
      0.021162020756533884,
      0.2907761331333201,
      0.688061846110146
    ],
    [
      0.4597815170571654,
      0.1752733922515569,
      0.3649450906912777
    ],
    [
      0.07180580278633457,
      0.3319533389744335,
      0.596240858239232
    ],
    [
      0.07409217770752853,
      0.3565198345138692,
      0.5693879877786023
    ],
    [
      0.12048000322641723,
      0.32194201943907774,
      0.557577977334505
    ],
    [
      0.03476217523088289,
      0.3188032398358169,
      0.6464345849333002
    ],
    [
      0.10741570815120285,
      0.40389308502461907,
      0.48869120682417816
    ],
    [
      0.4829084161946741,
      0.17587257041546067,
      0.34121901338986516
    ],
    [
      0.04631205385389827,
      0.33927437208812183,
      0.6144135740579799
    ],
    [
      0.42993242846625035,
      0.21277951650351248,
      0.35728805503023703
    ],
    [
      0.01956014204745507,
      0.29379618537843805,
      0.6866436725741069
    ],
    [
      0.07294012234193467,
      0.2738963960757973,
      0.6531634815822679
    ],
    [
      0.004171597850285865,
      0.25072204912176904,
      0.7451063530279451
    ],
    [
      0.3283836974689567,
      0.2668715099821978,
      0.4047447925488456
    ],
    [
      0.07482979114183815,
      0.38486514592688326,
      0.5403050629312786
    ],
    [
      0.6976204945656139,
      0.16016888835383075,
      0.1422106170805552
    ],
    [
      0.03343845633674066,
      0.4145279750629794,
      0.55203356860028
    ],
    [
      0.1061903309948355,
      0.2958701451841122,
      0.5979395238210523
    ],
    [
      0.03838521656614813,
      0.39024035164100557,
      0.5713744317928463
    ],
    [
      0.6137633816445631,
      0.19347158825838262,
      0.1927650300970542
    ],
    [
      0.24120985911085216,
      0.3798719151371639,
      0.3789182257519839
    ],
    [
      0.5852785980169901,
      0.16580997354333057,
      0.24891142843967926
    ],
    [
      0.2342116914219271,
      0.31916928412159223,
      0.44661902445648066
    ],
    [
      0.07616739505123585,
      0.25507646773978015,
      0.668756137208984
    ],
    [
      0.6161134329787763,
      0.1365946914512373,
      0.24729187556998639
    ],
    [
      0.03994573265708909,
      0.2528107235022347,
      0.7072435438406761
    ],
    [
      0.265501764607126,
      0.3930538262332585,
      0.3414444091596154
    ],
    [
      0.2608500004899104,
      0.22000271553645706,
      0.5191472839736325
    ],
    [
      0.3475569046964467,
      0.3410407961281378,
      0.31140229917541556
    ],
    [
      0.6674314119093803,
      0.16533382480874342,
      0.16723476328187625
    ],
    [
      0.748057110763211,
      0.09185686720207384,
      0.1600860220347151
    ],
    [
      0.25000059104601063,
      0.284312480744552,
      0.4656869282094374
    ],
    [
      0.7793814479727956,
      0.09203658429909523,
      0.12858196772810918
    ],
    [
      0.17956634429281718,
      0.2595131175173629,
      0.5609205381898199
    ],
    [
      0.6058536260837579,
      0.1929112144072965,
      0.20123515950894558
    ],
    [
      0.25871686137408306,
      0.17650133734682694,
      0.5647818012790901
    ]
  ],
  "classes": [
    "A",
    "D",
    "H"
  ],
  "delta_vs_baseline": 0.011387048197531224,
  "delta_vs_frontier": 0.08428704819753119,
  "p_value": 0.4470864933199112,
  "verdict": "RED",
  "elapsed_sec": 5.094614744186401,
  "best_C": 0.05
}